year,month,import_val,export_val,import_kg,export_kg,import_val_growth,import_val_growth_5,export_val_growth,export_val_growth_5,wld_diversity,wld_diversity_eff,hs_diversity,hs_diversity_eff,eci,bra_id,ibge_id
2000,0,4693534.00,None,108619,None,None,None,None,None,0,None,0,None,None,1am000004,1301209
2001,0,5984256.00,141019.00,116471,115,0.275,None,None,None,1,1.0,1,1.0,None,1am000004,1301209
2002,0,3564164.00,None,103600,None,-0.40441,None,None,None,0,None,0,None,None,1am000004,1301209
2003,0,23333859.00,None,2304320,None,5.5468,None,None,None,0,None,0,None,None,1am000004,1301209
2004,0,5877425.00,None,34717,None,-0.748116,None,None,None,0,None,0,None,None,1am000004,1301209
2005,0,1480134.00,None,6971,None,-0.748166,-0.20611,None,None,0,None,0,None,None,1am000004,1301209
2006,0,3966790.00,3000.00,57253,18,1.68002,-0.0789445,None,-0.537013,1,1.0,1,1.0,9.46948e-05,1am000004,1301209
2007,0,32143119.00,None,1081934,None,7.10306,0.55248,None,None,0,None,0,None,None,1am000004,1301209
2008,0,6283172.00,None,173033,None,-0.804525,-0.230801,None,None,0,None,0,None,None,1am000004,1301209
2009,0,9579570.00,60000.00,332509,500,0.524639,0.102635,None,None,1,1.0,1,1.0,0.000233124,1am000004,1301209
2010,0,34007719.00,None,1089547,None,2.55003,0.871782,None,None,0,None,0,None,None,1am000004,1301209
2011,0,6425721.00,None,206733,None,-0.811051,0.101277,None,None,0,None,0,None,None,1am000004,1301209
2012,0,9462908.00,None,515679,None,0.472661,-0.216954,None,None,0,None,0,None,None,1am000004,1301209
2013,0,34213283.00,None,3696248,None,2.61551,0.40347,None,None,0,None,0,None,None,1am000004,1301209
2014,0,6687163.00,None,407966,None,-0.804545,-0.0693654,None,None,0,None,0,None,None,1am000004,1301209
2000,0,3887393710.00,770015740.00,1982326144,144816764,None,None,None,None,90,9.35926,181,10.1247,None,1am000206,1302603
2001,0,3321016518.00,854087796.00,1305104175,129978923,-0.145696,None,0.109182,None,89,10.9426,210,12.482,None,1am000206,1302603
2002,0,3044650414.00,1034055768.00,1379252202,148264023,-0.0832173,None,0.210714,None,92,6.04099,221,8.19354,3.09034,1am000206,1302603
2003,0,3403093580.00,1271293836.00,881534746,187564241,0.117729,None,0.229425,None,104,6.39866,251,8.46205,3.13,1am000206,1302603
2004,0,4284606256.00,1138862686.00,831702935,163034977,0.259033,None,-0.10417,None,114,14.5017,239,14.7914,4.98283,1am000206,1302603
2005,0,5194677019.00,2117485959.00,856410831,151670426,0.212405,0.0596929,0.859299,0.224233,104,12.3997,224,7.16761,7.25081,1am000206,1302603
2006,0,6251773232.00,1525978351.00,965475873,101031647,0.203496,0.134871,-0.279344,0.123076,102,12.7112,227,9.21387,8.91745,1am000206,1302603
2007,0,6807127546.00,1188535203.00,1098041366,150306502,0.0888315,0.174587,-0.221132,0.0282379,102,13.8573,271,15.5188,9.3306,1am000206,1302603
2008,0,10011885995.00,1264441751.00,1418127544,129308716,0.470795,0.240876,0.0638656,-0.0010803,99,12.1053,260,11.1077,8.18518,1am000206,1302603
2009,0,6925219351.00,917446056.00,1176943437,110062759,-0.3083,0.10079,-0.274426,-0.0423169,94,12.9034,327,10.4237,6.5114,1am000206,1302603
2010,0,10995347701.00,1136599398.00,1769100062,116065637,0.587726,0.161797,0.238873,-0.117007,99,13.0096,246,13.1239,9.52682,1am000206,1302603
2011,0,12708819327.00,898857428.00,2147483647,117719163,0.155836,0.152446,-0.20917,-0.100443,86,14.9225,235,18.86,6.96282,1am000206,1302603
2012,0,13380496266.00,947783622.00,2147483647,97488924,0.0528512,0.144726,0.0544315,-0.0442607,84,14.348,251,15.0757,8.2043,1am000206,1302603
2013,0,14080283433.00,1033250101.00,2147483647,103178045,0.052299,0.0705799,0.0901751,-0.0395797,87,13.7888,254,14.1007,9.97212,1am000206,1302603
2014,0,12886629580.00,899627954.00,2147483647,110648165,-0.0847748,0.132247,-0.129322,-0.00391481,82,13.2358,269,14.3953,7.64528,1am000206,1302603
2000,0,113931148.00,195637873.00,427689643,332078173,None,None,None,None,79,14.9426,63,9.03696,None,1pa020002,1501402
2001,0,80249980.00,171844046.00,325113421,273618925,-0.295627,None,-0.121622,None,86,16.3081,98,10.4987,None,1pa020002,1501402
2002,0,59567138.00,157462768.00,285467013,260278689,-0.25773,None,-0.083688,None,89,16.3535,121,10.9031,-4.11952,1pa020002,1501402
2003,0,62394632.00,187477028.00,331433995,346155328,0.0474673,None,0.190612,None,91,14.8916,155,11.9663,-6.92859,1pa020002,1501402
2004,0,56161826.00,236881936.00,230469583,447699464,-0.0998933,None,0.263525,None,98,15.7481,167,11.5641,-4.57131,1pa020002,1501402
2005,0,40539906.00,265334574.00,140717342,345663990,-0.278159,-0.186705,0.120113,0.0628407,103,15.8712,196,12.2982,-4.35053,1pa020002,1501402
2006,0,36026020.00,326666202.00,125095375,359488356,-0.111344,-0.14801,0.231148,0.137088,100,14.6352,131,11.6722,-6.64565,1pa020002,1501402
2007,0,69863023.00,493737143.00,196087826,461265202,0.939238,0.0324003,0.511442,0.256793,101,13.6336,126,8.70749,-8.00566,1pa020002,1501402
2008,0,86920700.00,406417325.00,196826930,336866923,0.244159,0.0685509,-0.176855,0.16736,100,14.7833,124,9.66366,-8.22288,1pa020002,1501402
2009,0,61245247.00,343889339.00,126193035,285172260,-0.295389,0.0174808,-0.153852,0.077401,100,13.5133,154,9.29807,-6.96135,1pa020002,1501402
2010,0,99794421.00,467382727.00,164908551,297604280,0.629423,0.197415,0.359108,0.119891,83,11.2955,175,8.41828,-7.04526,1pa020002,1501402
2011,0,146646851.00,434694021.00,213123059,276421017,0.469489,0.324132,-0.0699399,0.0588048,95,16.8217,168,10.1067,-6.96088,1pa020002,1501402
2012,0,120321109.00,369280879.00,250576987,259769209,-0.179518,0.114856,-0.150481,-0.0564342,99,16.7477,166,12.5632,-6.57529,1pa020002,1501402
2013,0,160761716.00,376817372.00,343962316,249260879,0.336106,0.130868,0.0204086,-0.0150102,91,14.87,128,11.5946,-6.5728,1pa020002,1501402
2014,0,135139103.00,421782917.00,268859202,290678353,-0.159383,0.171498,0.11933,0.0416793,94,15.5101,111,10.7719,-7.09475,1pa020002,1501402
2000,0,15982076.00,771304420.00,4347673,2147483647,None,None,None,None,25,11.8311,3,1.46697,None,1pa040304,1505536
2001,0,31772312.00,810538512.00,5888348,2147483647,0.987997,None,0.0508672,None,26,12.1137,4,1.42184,None,1pa040304,1505536
2002,0,35172019.00,758003958.00,5254587,2147483647,0.107002,None,-0.0648144,None,24,12.7336,3,1.28228,-0.393206,1pa040304,1505536
2003,0,50901409.00,733011005.00,6700720,2147483647,0.447213,None,-0.0329721,None,21,11.4543,2,1.00001,-0.104435,1pa040304,1505536
2004,0,78343041.00,1007504958.00,11386816,2147483647,0.539113,None,0.374475,None,19,10.7643,3,1.00003,-0.297513,1pa040304,1505536
2005,0,102251569.00,1442931012.00,12454499,2147483647,0.305177,0.449464,0.432183,0.133454,23,10.8533,1,1.0,-0.209652,1pa040304,1505536
2006,0,293638618.00,1983193116.00,24160850,2147483647,1.87173,0.560102,0.37442,0.195964,21,9.81448,2,1.00129,-0.210063,1pa040304,1505536
2007,0,86860946.00,2321688109.00,9772490,2147483647,-0.704191,0.198189,0.170682,0.250911,20,10.165,2,1.03447,-0.233718,1pa040304,1505536
2008,0,98000494.00,3836985671.00,11989676,2147483647,0.128246,0.139986,0.652671,0.392438,22,11.2343,1,1.0,-0.301019,1pa040304,1505536
2009,0,159625128.00,3839570234.00,14178103,2147483647,0.62882,0.152976,0.000673592,0.306794,21,4.6216,2,1.04184,-0.721951,1pa040304,1505536
2010,0,343188992.00,7894717018.00,26993628,2147483647,1.14997,0.27401,1.05615,0.404812,21,6.50243,3,1.13651,-1.99984,1pa040304,1505536
2011,0,287172472.00,12015248525.00,60633122,2147483647,-0.163224,-0.00444347,0.521935,0.43375,25,6.81956,3,1.10646,-2.45905,1pa040304,1505536
2012,0,304682030.00,8959213748.00,20052934,2147483647,0.0609723,0.2853,-0.254346,0.310066,21,6.42451,4,1.09467,-2.58594,1pa040304,1505536
2013,0,188952168.00,10079920849.00,14378110,2147483647,-0.379838,0.140315,0.12509,0.213091,26,6.3252,4,1.11894,-2.4551,1pa040304,1505536
2014,0,130998491.00,7619358777.00,9002508,2147483647,-0.306711,-0.0387574,-0.244105,0.146904,26,5.87817,3,1.10343,-2.23987,1pa040304,1505536
2000,0,160620573.00,49477247.00,353479896,73931395,None,None,None,None,64,15.0551,94,12.1192,None,2ba030106,2927408
2001,0,165368632.00,48801694.00,360258755,395007721,0.0295607,None,-0.0136538,None,67,13.0834,85,13.4208,None,2ba030106,2927408
2002,0,155723592.00,56311635.00,330598713,411863581,-0.0583245,None,0.153887,None,66,13.802,149,13.8367,-1.17626,2ba030106,2927408
2003,0,147066883.00,58459810.00,328759175,121873576,-0.0555902,None,0.038148,None,77,14.1131,146,15.1438,-1.00178,2ba030106,2927408
2004,0,173617171.00,71469698.00,472198554,147635669,0.180532,None,0.222544,None,78,14.0029,191,14.7156,-2.71711,2ba030106,2927408
2005,0,191252736.00,101892626.00,343295140,174567345,0.101577,0.0355267,0.425676,0.15544,88,13.0932,186,13.461,-1.28585,2ba030106,2927408
2006,0,261303024.00,116050097.00,572922422,156734157,0.366271,0.0958176,0.138945,0.189165,94,11.9225,269,15.1765,-0.478563,2ba030106,2927408
2007,0,393476962.00,116051962.00,715023836,144563083,0.505826,0.203685,1.60706e-05,0.155609,93,11.0247,258,11.6647,-0.210375,2ba030106,2927408
2008,0,527123939.00,136597822.00,664078849,122473010,0.339656,0.290861,0.17704,0.184997,93,11.9083,234,12.0181,-0.441552,2ba030106,2927408
2009,0,430245764.00,122066800.00,491650273,78017898,-0.183786,0.199015,-0.106378,0.113,103,9.69116,252,13.6188,-0.13688,2ba030106,2927408
2010,0,496551907.00,121328668.00,650631648,73868002,0.154112,0.21024,-0.00604695,0.0355335,81,11.8052,196,12.3967,-0.665727,2ba030106,2927408
2011,0,482236399.00,202351673.00,609499409,78636642,-0.0288298,0.130376,0.667798,0.117615,70,8.85306,148,8.61353,-0.224148,2ba030106,2927408
2012,0,513112664.00,170989903.00,761136541,67555130,0.0640272,0.0545294,-0.154986,0.0805966,74,6.21864,113,6.86656,-0.505948,2ba030106,2927408
2013,0,512789793.00,160469545.00,802345878,68724582,-0.00062924,-0.00549877,-0.0615262,0.0327371,73,7.00357,127,8.09363,-0.919014,2ba030106,2927408
2014,0,1090038046.00,180464804.00,1483177467,75852291,1.1257,0.204329,0.124605,0.0813318,88,7.80194,123,7.69651,-0.959519,2ba030106,2927408
2000,0,740040814.00,228552715.00,2147483647,1411035913,None,None,None,None,28,9.2346,3,1.93368,None,2ba030107,2929206
2001,0,512255212.00,560407201.00,1973240863,2147483647,-0.307801,None,1.45198,None,32,4.08669,4,1.37462,None,2ba030107,2929206
2002,0,156097988.00,428369686.00,622528328,2147483647,-0.695273,None,-0.23561,None,34,3.7438,5,1.81807,-0.603921,2ba030107,2929206
2003,0,57501513.00,618707916.00,193079203,2147483647,-0.631632,None,0.444332,None,23,3.11957,4,2.33681,-0.46583,2ba030107,2929206
2004,0,121097546.00,761064065.00,343524270,2147483647,1.10599,None,0.230086,None,24,4.85395,5,2.26141,-0.751423,2ba030107,2929206
2005,0,400047881.00,1411994595.00,925874940,2147483647,2.30352,-0.115758,0.85529,0.43936,24,7.3164,4,2.17196,-0.707178,2ba030107,2929206
2006,0,313839874.00,1380640460.00,516691703,2147483647,-0.215494,-0.0933402,-0.0222056,0.19761,28,8.15443,5,2.07997,-0.712527,2ba030107,2929206
2007,0,223476949.00,1421473883.00,325725649,2147483647,-0.287927,0.0744027,0.0295757,0.271113,27,11.3323,5,2.33335,-0.39805,2ba030107,2929206
2008,0,769243639.00,2700226258.00,813125536,2147483647,2.44216,0.679875,0.899596,0.342712,20,7.57048,4,2.28938,-0.6697,2ba030107,2929206
2009,0,385439691.00,880331928.00,662571584,2147483647,-0.498937,0.260562,-0.673978,0.0295443,20,7.64981,5,2.05509,-0.519337,2ba030107,2929206
2010,0,702913802.00,1407921364.00,1019586529,2147483647,0.823667,0.11933,0.599307,-0.000577614,21,6.58892,4,1.53154,-0.467676,2ba030107,2929206
2011,0,959718976.00,2047650488.00,947863141,2147483647,0.365344,0.25051,0.454378,0.0820194,11,4.87312,5,1.23588,-0.533948,2ba030107,2929206
2012,0,614697182.00,2156501428.00,627357304,2147483647,-0.359503,0.224294,0.0531589,0.0869315,14,4.20925,4,1.18878,-0.573679,2ba030107,2929206
2013,0,1358884555.00,1520985880.00,1520637520,2147483647,1.21066,0.120531,-0.294697,-0.108451,14,4.32308,4,1.27562,-0.518014,2ba030107,2929206
2014,0,1000306486.00,1363840268.00,1105040505,2147483647,-0.263877,0.210139,-0.103318,0.0914992,27,4.52361,4,1.30141,-0.569653,2ba030107,2929206
2000,0,482881141.00,217091545.00,1964079246,125814834,None,None,None,None,81,7.03246,149,7.2147,None,2ce020003,2304400
2001,0,439621186.00,170619654.00,1617844839,129987587,-0.0895872,None,-0.214066,None,80,8.98038,173,9.196,None,2ce020003,2304400
2002,0,374734929.00,165030124.00,1454467343,163358980,-0.147596,None,-0.0327602,None,83,9.33311,162,8.46804,-5.86602,2ce020003,2304400
2003,0,235365894.00,237245522.00,969011671,308753579,-0.371914,None,0.437589,None,76,8.17907,228,8.23722,-7.2277,2ce020003,2304400
2004,0,303119370.00,235314026.00,969144788,127005867,0.287864,None,-0.00814134,None,99,10.5946,309,7.96093,-5.53718,2ce020003,2304400
2005,0,288408062.00,236947199.00,790145960,197045754,-0.0485331,-0.0979441,0.0069404,0.0176577,108,13.646,324,8.96087,-5.65438,2ce020003,2304400
2006,0,695038624.00,253034745.00,1474925382,171437619,1.40991,0.0959382,0.0678951,0.0820074,99,11.0249,253,7.73459,-7.66584,2ce020003,2304400
2007,0,902314193.00,271022516.00,1578337113,167093918,0.298222,0.192139,0.0710881,0.104303,114,12.0666,245,7.03577,-7.49312,2ce020003,2304400
2008,0,736557786.00,245036371.00,940339178,121041893,-0.183701,0.256298,-0.0958819,0.00648314,106,11.4507,285,7.5672,-5.38816,2ce020003,2304400
2009,0,556889158.00,237126866.00,792445371,157582442,-0.24393,0.129356,-0.0322789,0.00153606,108,10.6264,266,6.3372,-5.53965,2ce020003,2304400
2010,0,755782652.00,264722700.00,1410499792,172218259,0.357151,0.212489,0.116376,0.0224167,111,10.8815,273,6.60565,-5.72037,2ce020003,2304400
2011,0,1026418786.00,348630896.00,1410407960,210838757,0.358087,0.0810932,0.316966,0.0661962,98,9.3542,244,7.12954,-6.04958,2ce020003,2304400
2012,0,920328226.00,246082062.00,1378415117,119555307,-0.10336,0.00396134,-0.294147,-0.0191222,97,13.7023,207,8.78233,-6.17462,2ce020003,2304400
2013,0,945430008.00,461281791.00,1441711874,490970338,0.0272748,0.051198,0.874504,0.134873,97,11.9089,210,6.3262,-4.5019,2ce020003,2304400
2014,0,867251085.00,548677837.00,940786693,615165050,-0.0826914,0.0926353,0.189463,0.18268,94,10.393,163,4.21811,-3.94237,2ce020003,2304400
2000,0,476836217.00,609019402.00,2104473851,2109720038,None,None,None,None,33,9.59058,20,2.63232,None,2ma020003,2111300
2001,0,821534786.00,419563917.00,2147483647,1875514219,0.722887,None,-0.311083,None,39,7.19314,24,3.26032,None,2ma020003,2111300
2002,0,811961308.00,508606625.00,2147483647,2118458010,-0.0116532,None,0.212227,None,49,7.83909,21,3.29847,-1.40928,2ma020003,2111300
2003,0,644067563.00,569184297.00,2147483647,2147483647,-0.206776,None,0.119105,None,54,12.8389,18,4.38764,-1.7136,2ma020003,2111300
2004,0,709815959.00,828525192.00,2147483647,2147483647,0.102083,None,0.455636,None,57,13.1892,25,4.42863,-1.76913,2ma020003,2111300
2005,0,1132067847.00,967326751.00,2147483647,2147483647,0.594875,0.188778,0.167528,0.096954,56,15.7502,27,4.53562,-1.82283,2ma020003,2111300
2006,0,1696902254.00,1108152338.00,2147483647,2147483647,0.49894,0.156129,0.145582,0.214396,45,12.8777,20,3.73188,-2.10466,2ma020003,2111300
2007,0,2326814620.00,1393866436.00,2147483647,2147483647,0.371213,0.23437,0.257829,0.223398,47,11.4392,16,3.39591,-0.536833,2ma020003,2111300
2008,0,4060743223.00,1922608332.00,2147483647,2147483647,0.745194,0.445223,0.379335,0.275638,45,12.4967,12,3.845,-0.825936,2ma020003,2111300
2009,0,1747504300.00,584041910.00,2147483647,2147483647,-0.569659,0.197442,-0.696224,-0.0675455,39,14.5015,10,4.41724,-0.978525,2ma020003,2111300
2010,0,3739256130.00,1450030396.00,2147483647,2147483647,1.13977,0.269938,1.48275,0.0843283,39,14.6049,10,3.29037,-0.50156,2ma020003,2111300
2011,0,6201214968.00,1893711749.00,2147483647,2147483647,0.658409,0.295878,0.305981,0.113122,38,14.1908,26,3.15413,0.291804,2ma020003,2111300
2012,0,6842534865.00,1516834571.00,2147483647,2147483647,0.103418,0.240769,-0.199015,0.0170526,43,17.2867,11,3.22076,-0.997448,2ma020003,2111300
2013,0,6012971486.00,953014813.00,2147483647,2147483647,-0.121236,0.0816748,-0.371708,-0.130956,40,8.49561,8,1.82433,-0.511295,2ma020003,2111300
2014,0,6800585890.00,1007341676.00,2147483647,2147483647,0.130986,0.312277,0.0570053,0.115184,39,9.15302,6,1.25511,-0.524038,2ma020003,2111300
2000,0,67164734.00,19067068.00,132022516,3913799,None,None,None,None,22,3.13959,23,2.50043,None,2pb020003,2507507
2001,0,41734876.00,33088364.00,109935854,6703083,-0.378619,None,0.735367,None,28,2.21578,26,1.67748,None,2pb020003,2507507
2002,0,37637520.00,55768402.00,77938113,17286795,-0.0981758,None,0.685438,None,29,2.23816,36,2.53791,-1.29955,2pb020003,2507507
2003,0,19488026.00,81652770.00,93821858,22196541,-0.482218,None,0.46414,None,27,2.18197,31,2.95393,-1.96418,2pb020003,2507507
2004,0,40024628.00,105665317.00,43404426,67012284,1.05381,None,0.294081,None,33,2.35555,88,4.98602,-2.16659,2pb020003,2507507
2005,0,37352248.00,118812714.00,29078540,101640648,-0.0667684,-0.110727,0.124425,0.441836,45,2.21168,78,2.67169,-2.01572,2pb020003,2507507
2006,0,55403876.00,91963504.00,19415805,27514447,0.483281,0.0582986,-0.225979,0.22684,43,1.74841,55,3.5317,-2.29193,2pb020003,2507507
2007,0,91547277.00,130550861.00,50119921,44958731,0.652362,0.194552,0.419594,0.185437,51,2.0577,61,3.67802,-1.7928,2pb020003,2507507
2008,0,126075854.00,109528339.00,38262141,35904359,0.377167,0.45269,-0.161029,0.0605011,42,1.77829,30,2.64702,-1.60747,2pb020003,2507507
2009,0,124186144.00,69798401.00,56025384,15060297,-0.0149887,0.254149,-0.362737,-0.0795873,39,2.13113,38,2.01894,-2.42249,2pb020003,2507507
2010,0,212799753.00,74471539.00,146263223,13890860,0.713555,0.41622,0.0669519,-0.0891948,43,2.38561,97,2.05819,-2.93029,2pb020003,2507507
2011,0,384703324.00,20558162.00,335745122,3027813,0.807818,0.473388,-0.723946,-0.258905,39,7.55807,83,5.48407,-0.781959,2pb020003,2507507
2012,0,184060552.00,10443877.00,284971471,1497243,-0.521552,0.149908,-0.491984,-0.396585,32,8.06528,51,5.60305,-2.07179,2pb020003,2507507
2013,0,209943431.00,10697125.00,281974492,1154276,0.140622,0.107373,0.0242485,-0.372017,22,5.82517,21,4.25052,-1.91809,2pb020003,2507507
2014,0,190120534.00,8742733.00,244770710,1244051,-0.0944202,0.088908,-0.182703,-0.339975,33,10.549,31,4.64304,-1.53341,2pb020003,2507507
2000,0,30895613.00,4458923.00,52505632,4349011,None,None,None,None,26,4.69174,28,5.45079,None,2pe020202,2607901
2001,0,29160234.00,6143135.00,72088814,4963892,-0.0561691,None,0.377717,None,26,5.61686,23,4.80944,None,2pe020202,2607901
2002,0,33424335.00,8242293.00,100008290,6719561,0.14623,None,0.341708,None,29,3.90355,40,5.79698,-0.0893092,2pe020202,2607901
2003,0,47675371.00,13474028.00,169246323,7220553,0.426367,None,0.634743,None,34,4.7682,57,5.07955,-0.766753,2pe020202,2607901
2004,0,65895418.00,14456976.00,174278324,9173758,0.382169,None,0.0729513,None,38,7.67666,48,7.93675,-0.0932676,2pe020202,2607901
2005,0,72918292.00,20488556.00,184351396,12790313,0.106576,0.187375,0.417209,0.356614,39,6.54322,44,6.37925,-0.345939,2pe020202,2607901
2006,0,110375444.00,22624431.00,214332414,12182974,0.513687,0.305017,0.104247,0.297889,41,8.95673,41,7.32474,-0.284289,2pe020202,2607901
2007,0,150327378.00,22451429.00,231235717,9113105,0.361964,0.350812,-0.00764669,0.22191,35,7.71966,45,6.72537,-0.186703,2pe020202,2607901
2008,0,209284818.00,23097423.00,273973332,7392213,0.392194,0.344277,0.028773,0.113815,39,9.90603,73,8.23212,-0.635908,2pe020202,2607901
2009,0,161998128.00,11873559.00,238602463,4080432,-0.225944,0.197101,-0.485936,-0.0386076,30,10.9216,89,11.3999,-0.336522,2pe020202,2607901
2010,0,310649345.00,12345170.00,308487255,5067766,0.917611,0.336247,0.0397194,-0.0963565,28,10.2641,79,12.3726,-0.0916239,2pe020202,2607901
2011,0,411054439.00,19568339.00,304082841,4313410,0.32321,0.300785,0.585101,-0.0286064,30,12.1798,115,16.5185,0.537389,2pe020202,2607901
2012,0,475606358.00,14502043.00,325885025,3600903,0.15704,0.259047,-0.258903,-0.0837014,24,8.46771,49,8.82428,-0.21411,2pe020202,2607901
2013,0,456843932.00,25873878.00,319112679,2599489,-0.0394495,0.168977,0.784154,0.0229622,25,8.48291,53,4.78341,-0.191397,2pe020202,2607901
2014,0,539336180.00,21113141.00,293391610,4122131,0.18057,0.27195,-0.183998,0.122004,31,8.05428,68,8.27861,-0.259992,2pe020202,2607901
2000,0,245757309.00,96772159.00,658951028,86915950,None,None,None,None,63,7.21911,58,8.13262,None,2pe020206,2611606
2001,0,235772977.00,77639552.00,606345046,83111620,-0.0406268,None,-0.197708,None,60,7.06524,81,8.20322,None,2pe020206,2611606
2002,0,222063631.00,95470714.00,661661941,124053300,-0.0581464,None,0.229666,None,60,7.80452,74,6.89637,-0.968366,2pe020206,2611606
2003,0,295494096.00,131644503.00,637570167,263179041,0.330673,None,0.378899,None,84,11.4915,114,10.0328,-1.74483,2pe020206,2611606
2004,0,267928445.00,126896969.00,718520216,214329981,-0.0932866,None,-0.0360633,None,97,12.1854,157,10.0349,-0.685106,2pe020206,2611606
2005,0,327806983.00,159364028.00,719653356,235371536,0.223487,0.0593082,0.255854,0.104913,97,13.8908,158,13.8057,-0.747653,2pe020206,2611606
2006,0,330291646.00,162713407.00,748788184,160455643,0.00757965,0.0697461,0.0210172,0.159493,79,12.1973,362,16.3773,-2.57924,2pe020206,2611606
2007,0,433413657.00,182753537.00,965538597,162686532,0.312215,0.143102,0.123162,0.138673,83,10.5907,420,19.0475,-0.787181,2pe020206,2611606
2008,0,613453635.00,184756277.00,933775930,124760482,0.4154,0.157302,0.0109587,0.0701368,80,8.18722,418,19.3605,0.933389,2pe020206,2611606
2009,0,455451961.00,99763989.00,620165754,112507983,-0.257561,0.111949,-0.460024,-0.0469745,71,7.92148,444,31.3117,-1.02415,2pe020206,2611606
2010,0,578966865.00,97413727.00,740877206,75829668,0.271192,0.120488,-0.0235582,-0.0937543,87,10.883,259,11.1058,-0.493358,2pe020206,2611606
2011,0,828312262.00,109971600.00,727850142,80774482,0.430673,0.201875,0.128913,-0.0753626,65,7.19349,302,10.4287,-1.62455,2pe020206,2611606
2012,0,852637193.00,81620667.00,728983166,46896155,0.0293669,0.144913,-0.257802,-0.148888,68,7.68994,234,11.1651,-2.56705,2pe020206,2611606
2013,0,776527340.00,66481865.00,700450262,35568457,-0.0892641,0.0482745,-0.185478,-0.184881,57,6.50852,235,6.09458,-1.47797,2pe020206,2611606
2014,0,792167140.00,171756718.00,701486329,37580299,0.0201407,0.117056,1.58351,0.114777,56,2.61024,201,4.34705,-0.652358,2pe020206,2611606
2000,0,38890607.00,31342711.00,67406157,17868697,None,None,None,None,44,5.86025,34,5.78582,None,2rn020301,2408102
2001,0,61106893.00,39041807.00,114863276,24819495,0.571251,None,0.245642,None,47,5.42339,36,5.56632,None,2rn020301,2408102
2002,0,59043293.00,72295759.00,146093039,188758237,-0.0337703,None,0.851752,None,47,4.94981,42,5.69204,-1.92597,2rn020301,2408102
2003,0,131019110.00,107860152.00,135449229,346003755,1.21903,None,0.491929,None,39,6.07168,69,4.36802,-1.50439,2rn020301,2408102
2004,0,78597337.00,378859510.00,141862762,1442573706,-0.400108,None,2.51251,None,37,5.12782,80,2.60468,-1.31313,2rn020301,2408102
2005,0,59898184.00,151597747.00,93150455,335684408,-0.237911,0.0902191,-0.599858,0.370602,36,5.43231,85,3.46759,-0.754677,2rn020301,2408102
2006,0,69027370.00,85445129.00,108251600,112712039,0.152412,0.0246752,-0.436369,0.169584,37,7.17376,73,5.77369,-1.15907,2rn020301,2408102
2007,0,74514065.00,49293719.00,98588469,50077082,0.0794858,0.0476435,-0.423095,-0.0737339,34,9.19605,85,6.57105,-1.1147,2rn020301,2408102
2008,0,116086525.00,45595130.00,115379693,34984062,0.557914,-0.023911,-0.0750316,-0.158195,26,3.5894,57,3.81862,-0.874215,2rn020301,2408102
2009,0,92634309.00,23164527.00,103889654,21557851,-0.202024,0.0334104,-0.491952,-0.428167,25,5.4693,49,4.79185,-0.944006,2rn020301,2408102
2010,0,81400669.00,26182397.00,129730420,18616306,-0.121269,0.0632683,0.13028,-0.296177,24,4.85956,48,4.60081,-1.35041,2rn020301,2408102
2011,0,89454821.00,55180296.00,210109954,35927007,0.0989445,0.0532137,1.10753,-0.0837387,28,4.67887,56,4.27221,-2.05465,2rn020301,2408102
2012,0,83110964.00,45245815.00,161588488,19767092,-0.0709169,0.0220779,-0.180037,-0.0169913,19,4.84744,19,4.73164,-2.04484,2rn020301,2408102
2013,0,105442099.00,40452669.00,166106397,26830097,0.268691,-0.019051,-0.105936,-0.0236495,23,5.40439,25,5.53885,-1.88683,2rn020301,2408102
2014,0,98925308.00,32437416.00,148556902,12700583,-0.0618045,0.0132278,-0.198139,0.0696571,21,4.89985,88,6.12078,-2.32879,2rn020301,2408102
2000,0,508895258.00,3152484.00,93203883,4150807,None,None,None,None,24,5.20425,127,11.2512,None,3df000000,5300108
2001,0,567477019.00,2952556.00,194193415,8674323,0.115116,None,-0.0634192,None,33,7.84626,81,7.51895,None,3df000000,5300108
2002,0,585612771.00,109584038.00,152769197,484630554,0.0319586,None,36.115,None,40,9.29173,108,3.80873,-0.243555,3df000000,5300108
2003,0,537500363.00,11075606.00,83207906,24668265,-0.0821574,None,-0.89893,None,52,9.23478,124,12.0698,-0.131186,3df000000,5300108
2004,0,502922239.00,24669875.00,116255773,16263765,-0.0643314,None,1.22741,None,62,12.0667,199,4.19267,0.696429,3df000000,5300108
2005,0,737343980.00,20553460.00,142409419,32573740,0.466119,0.0769818,-0.16686,0.454944,61,18.6535,184,14.5778,0.0531236,3df000000,5300108
2006,0,857183923.00,17705121.00,163813441,55569434,0.162529,0.0859883,-0.138582,0.430804,52,7.412,165,7.74926,-0.190044,3df000000,5300108
2007,0,1132015610.00,19064765.00,142766549,39402947,0.320622,0.140902,0.0767938,-0.29515,40,9.24667,125,6.79699,0.0286733,3df000000,5300108
2008,0,1082086851.00,44761485.00,184209635,59244191,-0.0441061,0.150209,1.34786,0.322231,42,5.98929,124,3.88137,0.017507,3df000000,5300108
2009,0,1092675752.00,35247464.00,215174798,59155212,0.00978563,0.16788,-0.212549,0.0739701,47,7.39773,145,4.04875,0.0726476,3df000000,5300108
2010,0,1570448031.00,43682075.00,293418629,63941071,0.43725,0.163244,0.239297,0.162743,42,8.12931,134,4.68353,0.00398667,3df000000,5300108
2011,0,1257163620.00,98476610.00,350311640,127294188,-0.199487,0.0796017,1.25439,0.409441,51,7.46802,79,2.68176,0.120902,3df000000,5300108
2012,0,1172190477.00,116193747.00,437360314,102316778,-0.0675912,0.00699927,0.179912,0.435457,66,13.6693,91,3.82539,0.0727518,3df000000,5300108
2013,0,1354553523.00,125184132.00,407901195,98171296,0.155575,0.0459401,0.0773741,0.228369,76,14.3636,98,3.48284,-0.0335324,3df000000,5300108
2014,0,1279974713.00,154382567.00,404108625,141786014,-0.0550579,0.0321481,0.233244,0.343675,81,13.1393,109,4.7468,-0.382634,3df000000,5300108
2000,0,99614782.00,20938230.00,193393449,22284114,None,None,None,None,38,12.7031,87,16.1661,None,3go000307,5208707
2001,0,72261496.00,28192084.00,124824815,35531888,-0.274591,None,0.346441,None,45,17.4562,116,13.3216,None,3go000307,5208707
2002,0,62805453.00,48811916.00,62676127,46614828,-0.130859,None,0.731405,None,59,19.0991,119,8.2324,-1.16252,3go000307,5208707
2003,0,48098709.00,77563856.00,54863293,56940788,-0.234163,None,0.589035,None,64,19.2017,146,5.74426,-0.100024,3go000307,5208707
2004,0,48649169.00,131456428.00,49196402,76363196,0.0114444,None,0.694816,None,77,17.2767,178,6.66165,0.456679,3go000307,5208707
2005,0,93452426.00,115011523.00,51259541,60675120,0.920946,-0.0126904,-0.125098,0.405919,84,24.3292,220,5.70895,-0.200145,3go000307,5208707
2006,0,136190598.00,164462999.00,57316002,65315265,0.457325,0.135136,0.42997,0.422945,88,25.6193,207,5.38868,-0.0616245,3go000307,5208707
2007,0,138123367.00,176129037.00,24648574,62698771,0.0141916,0.170722,0.0709341,0.292591,90,23.376,239,6.78049,0.0539543,3go000307,5208707
2008,0,160242377.00,171408310.00,33605018,43299835,0.16014,0.272122,-0.0268027,0.171857,85,21.1302,281,4.55963,0.0191867,3go000307,5208707
2009,0,198090008.00,127080016.00,59594476,53994712,0.23619,0.324212,-0.258612,-0.00674883,78,20.5553,241,6.09531,1.34433,3go000307,5208707
2010,0,215208199.00,169837304.00,68509119,110036036,0.0864162,0.181554,0.33646,0.0810813,64,12.5138,205,5.38157,-0.369611,3go000307,5208707
2011,0,221783812.00,170159189.00,50912123,62763992,0.0305547,0.102444,0.00189526,0.006833,70,16.8895,176,5.36245,-0.284849,3go000307,5208707
2012,0,203359012.00,231493753.00,35416330,67070217,-0.0830755,0.0804365,0.360454,0.0561891,72,17.5339,188,6.40738,-0.267542,3go000307,5208707
2013,0,213552288.00,215811182.00,30911808,81334892,0.0501245,0.0591205,-0.0677451,0.0471488,69,16.05,215,5.29698,0.754445,3go000307,5208707
2014,0,215505497.00,177835824.00,28989887,43361854,0.00914628,0.0169958,-0.175966,0.0695187,65,17.4843,165,4.66042,-0.930304,3go000307,5208707
2000,0,5709753.00,389299131.00,181197074,2147483647,None,None,None,None,22,14.8983,2,1.01662,None,4es000101,3200409
2001,0,8970492.00,342392955.00,259531874,2147483647,0.571082,None,-0.120489,None,18,10.1325,4,1.03317,None,4es000101,3200409
2002,0,14862066.00,385567374.00,130080148,2147483647,0.656773,None,0.126096,None,19,9.58131,4,1.03269,-0.185359,4es000101,3200409
2003,0,9717217.00,442253581.00,227200679,2147483647,-0.346173,None,0.14702,None,17,8.5696,3,1.03245,-0.14863,4es000101,3200409
2004,0,16502229.00,594373063.00,301995999,2147483647,0.698246,None,0.343964,None,18,8.2588,3,1.02314,-0.177215,4es000101,3200409
2005,0,30687752.00,988391756.00,239964291,2147483647,0.859613,0.399811,0.662915,0.204839,21,11.2712,5,1.0145,-0.207584,4es000101,3200409
2006,0,39610383.00,1139271148.00,260361580,2147483647,0.290755,0.345856,0.152651,0.271805,22,11.8756,8,1.2532,-0.0365698,4es000101,3200409
2007,0,53438764.00,1280028901.00,324272420,2147483647,0.34911,0.291681,0.123551,0.271229,20,13.0573,10,1.00789,-0.0196205,4es000101,3200409
2008,0,67005845.00,2227683578.00,361746910,2147483647,0.253881,0.471344,0.740339,0.381772,21,13.8763,2,1.00073,-0.174754,4es000101,3200409
2009,0,25563979.00,1461148418.00,164238427,2147483647,-0.618481,0.0914835,-0.344095,0.197091,21,9.60271,3,1.00282,-0.127658,4es000101,3200409
2010,0,37261717.00,3213743809.00,264313541,2147483647,0.457587,0.0395839,1.19946,0.26595,21,13.4152,3,1.0004,-0.181349,4es000101,3200409
2011,0,56736622.00,4215299348.00,285250541,2147483647,0.522652,0.0745111,0.311648,0.299093,19,13.8007,2,1.00023,-0.167755,4es000101,3200409
2012,0,182220894.00,3230969953.00,208940486,2147483647,2.2117,0.278051,-0.233514,0.203435,21,14.9436,15,1.00386,-0.186329,4es000101,3200409
2013,0,92876971.00,3281877162.00,289516321,2147483647,-0.490306,0.0674783,0.015756,0.0805721,20,15.7342,7,1.05934,-0.200172,4es000101,3200409
2014,0,69400531.00,3569964970.00,291861747,2147483647,-0.252769,0.221088,0.0877814,0.195622,18,15.5881,72,1.56782,0.167209,4es000101,3200409
2000,0,1615235859.00,1076692782.00,1040445873,2147483647,None,None,None,None,74,19.0344,177,3.68868,None,4es000304,3205309
2001,0,1615160412.00,1067731550.00,1553635177,2147483647,-4.67096e-05,None,-0.00832292,None,77,20.0477,192,4.67332,None,4es000304,3205309
2002,0,1227108983.00,1162535934.00,1068406244,2147483647,-0.240256,None,0.0887905,None,79,16.0863,208,4.88945,0.515056,4es000304,3205309
2003,0,1365132521.00,1281943349.00,1380696251,2147483647,0.112479,None,0.102713,None,78,17.2064,311,4.89882,-0.871551,4es000304,3205309
2004,0,2062310730.00,1621913252.00,1163047010,2147483647,0.510704,None,0.265199,None,91,19.8605,352,3.99169,-0.433275,4es000304,3205309
2005,0,2613772379.00,1950209031.00,1441278395,2147483647,0.2674,0.101048,0.202413,0.126154,93,18.4092,409,2.34442,-0.991641,4es000304,3205309
2006,0,3418631517.00,2427030185.00,2147483647,2147483647,0.30793,0.161789,0.244497,0.178481,87,19.2919,403,2.79522,0.658816,4es000304,3205309
2007,0,4372551436.00,2215494776.00,2147483647,2147483647,0.279036,0.289349,-0.0871581,0.137661,89,19.6567,298,2.82973,-0.121949,4es000304,3205309
2008,0,5642259392.00,3198604330.00,2147483647,2147483647,0.290381,0.328176,0.443743,0.200655,87,20.6416,229,2.9588,-0.318155,4es000304,3205309
2009,0,3712002426.00,2164055742.00,2147483647,2147483647,-0.342107,0.124737,-0.323438,0.0593712,77,13.8732,177,5.30875,0.7499,4es000304,3205309
2010,0,4318282624.00,4260709442.00,2147483647,2147483647,0.16333,0.105627,0.968854,0.169177,88,15.7424,162,2.78968,0.204477,4es000304,3205309
2011,0,6316546848.00,5078798300.00,1967821967,2147483647,0.462745,0.130643,0.192008,0.159143,72,15.994,160,1.87517,0.0442217,4es000304,3205309
2012,0,4961150303.00,4260888929.00,1815917439,2147483647,-0.214579,0.0255799,-0.161044,0.13974,86,18.0986,164,2.79687,2.06328,4es000304,3205309
2013,0,4233471818.00,3603261651.00,1339222715,2147483647,-0.146675,-0.0558332,-0.15434,0.0241111,86,15.6103,134,2.86721,-0.381298,4es000304,3205309
2014,0,3386884667.00,3490024220.00,1481269360,2147483647,-0.199975,-0.0181652,-0.0314264,0.100302,74,16.4515,144,3.34371,-0.398663,4es000304,3205309
2000,0,204937792.00,456450821.00,57824048,2147483647,None,None,None,None,72,12.0675,380,9.7386,None,4mg030000,3106200
2001,0,252041461.00,362270699.00,75478487,2147483647,0.229844,None,-0.206331,None,78,14.4779,331,11.354,None,4mg030000,3106200
2002,0,156260241.00,326542009.00,54031287,1168961458,-0.380022,None,-0.0986243,None,76,14.5806,482,11.8733,-1.69806,4mg030000,3106200
2003,0,117265791.00,406241552.00,31397580,1356633507,-0.249548,None,0.244071,None,91,19.0568,565,15.1969,-2.16208,4mg030000,3106200
2004,0,144530204.00,545754163.00,48317304,1423796375,0.232501,None,0.343423,None,100,14.2169,596,10.6352,-1.13491,4mg030000,3106200
2005,0,233563731.00,673026323.00,61785376,1318239416,0.61602,0.0264946,0.233204,0.0807559,106,16.7562,572,8.24784,-1.1823,4mg030000,3106200
2006,0,322800308.00,664100907.00,67000954,1032341397,0.382065,0.050733,-0.0132616,0.12886,103,17.4759,545,9.89107,-2.37572,4mg030000,3106200
2007,0,516911029.00,500897019.00,90858627,640070914,0.601334,0.270321,-0.245752,0.0893361,103,19.3627,550,8.85154,-1.6369,4mg030000,3106200
2008,0,687835051.00,576828328.00,88201761,540474687,0.330664,0.4245,0.151591,0.0726362,104,16.2601,565,8.87576,-0.580188,4mg030000,3106200
2009,0,691881700.00,471679473.00,98396703,2147483647,0.00588317,0.367775,-0.182288,-0.0287523,107,20.4558,607,12.0546,-2.0295,4mg030000,3106200
2010,0,798488868.00,483260465.00,105082297,2000126324,0.154083,0.278712,0.0245527,-0.0640991,93,21.045,580,11.5776,-3.71808,4mg030000,3106200
2011,0,883607061.00,631841159.00,133806975,1134765485,0.106599,0.223109,0.307455,-0.00990979,102,19.2827,601,13.8125,-0.271144,4mg030000,3106200
2012,0,894298282.00,744624217.00,135218135,2147483647,0.0120995,0.115869,0.178499,0.0825245,103,19.1527,607,13.399,-0.823244,4mg030000,3106200
2013,0,826394204.00,764353440.00,110770991,2147483647,-0.07593,0.0373865,0.0264955,0.057912,109,17.7485,601,11.6294,-6.95349,4mg030000,3106200
2014,0,743692647.00,991276574.00,121329456,2147483647,-0.100075,0.0145474,0.296882,0.160138,117,18.8257,655,13.7051,-2.80515,4mg030000,3106200
2004,0,1532299.00,None,88700,None,None,None,None,None,0,None,0,None,None,4mg030315,3161908
2005,0,21215842.00,None,1889334,None,12.8458,None,None,None,0,None,0,None,None,4mg030315,3161908
2006,0,46636576.00,None,3983940,None,1.1982,None,None,None,0,None,0,None,None,4mg030315,3161908
2007,0,8280345.00,None,722709,None,-0.82245,None,None,None,0,None,0,None,None,4mg030315,3161908
2008,0,6759138.00,8590917.00,586885,228070225,-0.183713,None,None,None,1,1.0,1,1.0,-0.000673974,4mg030315,3161908
2009,0,11526104.00,None,1178205,None,0.705262,0.497159,None,None,0,None,0,None,None,4mg030315,3161908
2010,0,11398780.00,170153448.00,2251429,2147483647,-0.0110466,-0.11684,None,None,8,3.10414,1,1.0,-0.00960195,4mg030315,3161908
2011,0,13132856.00,2085051870.00,1336994,2147483647,0.152128,-0.223884,11.254,None,16,5.20436,1,1.0,-0.0829797,4mg030315,3161908
2012,0,18736836.00,1900534028.00,2362196,2147483647,0.426714,0.177415,-0.0884956,None,15,6.25154,1,1.0,-0.109642,4mg030315,3161908
2013,0,21082660.00,1941533790.00,2037048,2147483647,0.125199,0.255471,0.0215728,1.95679,15,6.5688,1,1.0,-0.106829,4mg030315,3161908
2014,0,17708408.00,1224875579.00,2315799,2147483647,-0.160049,0.089681,-0.36912,None,19,8.3087,1,1.0,-0.0848135,4mg030315,3161908
2000,0,10001653.00,10034355.00,2247278,7229786,None,None,None,None,33,10.8632,32,4.9454,None,4mg070509,3125101
2001,0,7997690.00,4660539.00,1736550,2994697,-0.200363,None,-0.535542,None,18,7.07197,31,5.31909,None,4mg070509,3125101
2002,0,8518928.00,5891945.00,2601081,5920215,0.0651736,None,0.26422,None,19,4.05192,27,3.06402,0.156399,4mg070509,3125101
2003,0,7427173.00,7031363.00,1680842,5408303,-0.128156,None,0.193386,None,22,5.54485,36,3.86997,0.234063,4mg070509,3125101
2004,0,12286503.00,10300949.00,3238473,7990448,0.654264,None,0.465,None,30,6.46431,36,3.87293,0.129915,4mg070509,3125101
2005,0,16425842.00,17850364.00,3256284,13163832,0.336901,0.10431,0.732885,0.1221,29,5.11414,30,3.04052,0.149101,4mg070509,3125101
2006,0,41679370.00,18996612.00,5446007,12443467,1.53743,0.391206,0.0642143,0.324488,34,5.31656,32,4.29431,0.257539,4mg070509,3125101
2007,0,77165269.00,16918427.00,10558042,7843675,0.851402,0.553844,-0.109398,0.234867,36,7.95973,37,4.37875,0.196131,4mg070509,3125101
2008,0,98387389.00,22597517.00,11979627,8732814,0.275022,0.676576,0.335675,0.263003,34,10.5262,31,3.41848,0.16152,4mg070509,3125101
2009,0,93001634.00,16987679.00,15833284,6777013,-0.0547403,0.499037,-0.24825,0.105227,26,5.31034,32,3.4052,0.149636,4mg070509,3125101
2010,0,185466167.00,17117380.00,35094605,4093426,0.994225,0.623856,0.007635,-0.00835085,25,6.3424,32,3.73447,0.359414,4mg070509,3125101
2011,0,342430425.00,20265719.00,45710067,4270590,0.846323,0.523808,0.183926,0.013018,30,9.76328,37,6.15776,0.179318,4mg070509,3125101
2012,0,487809941.00,25433968.00,60588061,4857951,0.424552,0.445992,0.255024,0.0849528,32,9.81332,42,9.1614,0.479773,4mg070509,3125101
2013,0,671315332.00,29365034.00,82303965,6932884,0.376182,0.468241,0.15456,0.0537897,37,15.2693,60,8.57366,1.3178,4mg070509,3125101
2014,0,634002335.00,40670762.00,78154268,12047901,-0.0555819,0.46798,0.385006,0.190775,54,14.2155,58,5.01799,1.25849,4mg070509,3125101
2001,0,67317.00,None,506,None,None,None,None,None,0,None,0,None,None,4rj020002,3305554
2002,0,172821835.00,None,4302510,None,2566.28,None,None,None,0,None,0,None,None,4rj020002,3305554
2003,0,68094.00,None,140,None,-0.999606,None,None,None,0,None,0,None,None,4rj020002,3305554
2004,0,691621.00,None,2340735,None,9.15686,None,None,None,0,None,0,None,None,4rj020002,3305554
2005,0,1964961.00,None,9616312,None,1.8411,None,None,None,0,None,0,None,None,4rj020002,3305554
2006,0,3551778.00,13080.00,14884656,60,0.807557,1.21037,None,None,1,1.0,1,1.0,4.00859e-05,4rj020002,3305554
2007,0,2717111.00,None,8931558,None,-0.235,-0.564185,None,None,0,None,0,None,None,4rj020002,3305554
2008,0,2275965.00,66376.00,6596,15366,-0.162358,1.01749,None,None,1,1.0,3,2.18913,0.000834091,4rj020002,3305554
2009,0,2787832.00,None,4148,None,0.224901,0.321538,None,None,0,None,0,None,None,4rj020002,3305554
2010,0,2639535.00,None,28646,None,-0.0531944,0.0608029,None,None,0,None,0,None,None,4rj020002,3305554
2011,0,4139640.00,None,101510,None,0.568322,0.0311061,None,None,0,None,0,None,None,4rj020002,3305554
2012,0,10425504.00,None,139392,None,1.51846,0.308573,None,None,0,None,0,None,None,4rj020002,3305554
2013,0,131495319.00,None,4706551,None,11.6129,1.25086,None,None,0,None,0,None,None,4rj020002,3305554
2014,0,86437570.00,33389.00,7600300,115,-0.342657,0.987409,None,None,1,1.0,2,1.99967,0.000165204,4rj020002,3305554
2000,0,376481524.00,309348699.00,589999378,1105203762,None,None,None,None,78,6.19619,164,6.59465,None,4rj020201,3301702
2001,0,349168279.00,328922519.00,917771294,1421221745,-0.0725487,None,0.0632743,None,76,5.14695,135,6.10689,None,4rj020201,3301702
2002,0,288799524.00,642618996.00,702233980,2147483647,-0.172893,None,0.953709,None,76,10.0502,162,5.25987,-0.784911,4rj020201,3301702
2003,0,247541948.00,942122303.00,365631206,2147483647,-0.142859,None,0.466067,None,73,10.2479,169,4.23626,-0.527906,4rj020201,3301702
2004,0,278773985.00,1177768422.00,367878612,2147483647,0.126169,None,0.250123,None,87,12.2339,204,3.58445,0.488539,4rj020201,3301702
2005,0,359290305.00,3918191262.00,428345485,2147483647,0.288823,-0.0093041,2.32679,0.661604,98,13.4564,197,2.57275,-2.09638,4rj020201,3301702
2006,0,509172441.00,6167421441.00,382344419,2147483647,0.417162,0.0783656,0.574048,0.797223,105,13.5706,225,2.66217,-1.44704,4rj020201,3301702
2007,0,635362186.00,1540043554.00,508536671,2147483647,0.247833,0.170806,-0.750294,0.191011,99,14.6934,190,4.80877,-0.661727,4rj020201,3301702
2008,0,1006222980.00,1957444894.00,535565589,2147483647,0.5837,0.323759,0.271032,0.157488,102,11.4062,201,4.35933,0.104554,4rj020201,3301702
2009,0,643302727.00,1367093436.00,396485706,2147483647,-0.360676,0.182041,-0.301593,0.0302619,96,11.0354,195,4.51901,1.80613,4rj020201,3301702
2010,0,829352300.00,1419146694.00,632003846,2147483647,0.28921,0.182112,0.0380759,-0.183816,96,11.9246,216,4.53261,2.05678,4rj020201,3301702
2011,0,854191425.00,1442298321.00,456437766,1809692412,0.02995,0.109017,0.0163138,-0.252192,92,14.4815,171,5.48988,4.75807,4rj020201,3301702
2012,0,689444148.00,2210827602.00,310554107,2147483647,-0.192869,0.0164723,0.53285,0.0749899,96,9.10049,179,4.05032,4.07498,4rj020201,3301702
2013,0,688761473.00,1806898367.00,288620923,2147483647,-0.000990182,-0.0730103,-0.182705,-0.0158782,87,7.51138,190,4.07698,4.51233,4rj020201,3301702
2014,0,916378667.00,1419573630.00,294175638,1963925561,0.330473,0.0733267,-0.214359,0.00756238,86,9.6494,203,5.20419,5.69649,4rj020201,3301702
2000,0,43964739.00,9698290.00,138415275,12799308,None,None,None,None,29,3.42544,75,4.06688,None,4rj020209,3303302
2001,0,49056320.00,15758534.00,179771678,9675353,0.115811,None,0.624878,None,32,4.42337,269,9.95529,None,4rj020209,3303302
2002,0,69910100.00,23815862.00,181968489,10122901,0.425099,None,0.511299,None,37,6.62618,304,12.3352,-0.905297,4rj020209,3303302
2003,0,133073026.00,84153334.00,151399565,224312551,0.903488,None,2.5335,None,30,5.55263,244,4.32978,0.283517,4rj020209,3303302
2004,0,189343925.00,594566662.00,51093817,1959178138,0.422857,None,6.06528,None,46,8.89197,305,2.45207,1.63083,4rj020209,3303302
2005,0,119256087.00,224055043.00,12943368,113887564,-0.370162,0.220886,-0.623162,0.873837,50,4.2306,280,3.66424,-0.452528,4rj020209,3303302
2006,0,215341755.00,133234667.00,20178084,19255527,0.805709,0.34427,-0.405349,0.53257,45,6.4269,201,7.55506,-0.476268,4rj020209,3303302
2007,0,165372596.00,481676647.00,36341590,129676592,-0.232046,0.187913,2.61525,0.824643,42,1.9626,166,3.20329,1.47156,4rj020209,3303302
2008,0,343629855.00,209450663.00,42728396,22394994,1.07791,0.208927,-0.565163,0.200058,37,5.8073,122,7.50798,0.817745,4rj020209,3303302
2009,0,355474021.00,372812050.00,62556986,96739343,0.0344678,0.134257,0.779952,-0.0891269,24,3.80649,91,5.42378,1.9157,4rj020209,3303302
2010,0,547532158.00,1054104921.00,85514673,1214831527,0.540287,0.356394,1.82744,0.363031,24,3.2336,161,3.59323,0.841414,4rj020209,3303302
2011,0,451970430.00,2300381163.00,54510162,2147483647,-0.174532,0.159835,1.18231,0.767814,27,4.46357,107,2.35615,1.69268,4rj020209,3303302
2012,0,415654513.00,2463805948.00,53380944,2147483647,-0.0803502,0.202413,0.0710425,0.386022,39,4.16815,110,2.83919,2.36352,4rj020209,3303302
2013,0,642658668.00,2151045335.00,70876005,2147483647,0.546137,0.133386,-0.126942,0.593359,31,5.34718,172,2.25051,1.01708,4rj020209,3303302
2014,0,1002911419.00,3552941876.00,61279218,2147483647,0.560566,0.230526,0.651728,0.569711,27,6.11343,106,2.99486,0.27855,4rj020209,3303302
2000,0,2637579868.00,1544302564.00,1835258121,2147483647,None,None,None,None,145,22.7679,847,33.2187,None,4rj020212,3304557
2001,0,2864940040.00,1664284696.00,1998005685,2147483647,0.0862003,None,0.0776934,None,153,31.7356,858,29.6983,None,4rj020212,3304557
2002,0,2786317336.00,1756959920.00,1854367502,2147483647,-0.0274431,None,0.0556847,None,162,26.4443,892,30.7986,-3.85201,4rj020212,3304557
2003,0,2562710040.00,1641155136.00,1930206448,2147483647,-0.0802519,None,-0.065912,None,176,43.2751,884,49.0884,-4.60527,4rj020212,3304557
2004,0,2391267347.00,3216504826.00,1938878373,2147483647,-0.066899,None,0.959903,None,178,17.1528,890,25.8226,6.68077,4rj020212,3304557
2005,0,2439208294.00,3030609176.00,1693190821,2147483647,0.0200483,-0.015516,-0.0577943,0.144352,178,33.7327,898,46.3045,-1.76337,4rj020212,3304557
2006,0,2524815138.00,2552650892.00,1573008745,2147483647,0.0350962,-0.0249592,-0.15771,0.0893132,185,30.0823,882,40.9684,0.940885,4rj020212,3304557
2007,0,3131911024.00,2558515971.00,1483349143,2147483647,0.240452,0.0236601,0.00229764,0.0780658,183,24.6075,879,53.0954,0.977581,4rj020212,3304557
2008,0,4266186680.00,3569454415.00,1474112201,2147483647,0.362167,0.107307,0.395127,0.168128,175,23.3032,887,39.6174,2.97935,4rj020212,3304557
2009,0,3881037095.00,3201702936.00,1366930848,2147483647,-0.0902796,0.101701,-0.103027,-0.00092207,183,24.0381,895,29.4654,5.23365,4rj020212,3304557
2010,0,7149226016.00,3339025254.00,2147483647,2147483647,0.842092,0.239944,0.0428904,0.0195721,175,23.844,834,18.3291,6.93161,4rj020212,3304557
2011,0,9569718771.00,6564989531.00,2147483647,2147483647,0.338567,0.305371,0.96614,0.207949,173,14.2115,825,14.7788,1.08129,4rj020212,3304557
2012,0,9005284472.00,7414331804.00,2147483647,2147483647,-0.0589813,0.235201,0.129375,0.237134,178,11.391,824,14.9946,0.487081,4rj020212,3304557
2013,0,9283659781.00,6116016456.00,2147483647,2147483647,0.0309124,0.16825,-0.175109,0.113713,172,12.133,843,18.3274,-0.153572,4rj020212,3304557
2014,0,7872109523.00,7489381904.00,2147483647,2147483647,-0.152047,0.151937,0.224552,0.185258,168,13.5626,856,12.0267,1.40586,4rj020212,3304557
2000,0,45328726.00,23731057.00,43119276,13034558,None,None,None,None,40,15.0313,45,7.84808,None,4rj020213,3304904
2001,0,59482227.00,20465485.00,51097329,12288801,0.312241,None,-0.137608,None,44,15.6986,68,8.87343,None,4rj020213,3304904
2002,0,47834964.00,21607735.00,42587930,12709342,-0.195811,None,0.0558135,None,45,15.5104,68,8.4682,0.849556,4rj020213,3304904
2003,0,46946803.00,26911767.00,47350932,16454730,-0.0185672,None,0.245469,None,50,18.0737,52,7.99088,0.609002,4rj020213,3304904
2004,0,57524407.00,38973378.00,44425979,22526247,0.22531,None,0.448191,None,55,22.137,63,5.85806,0.852924,4rj020213,3304904
2005,0,62694131.00,39348061.00,51697456,20357396,0.0898701,0.0670154,0.00961382,0.106423,74,23.3755,81,6.34366,0.973019,4rj020213,3304904
2006,0,87138911.00,72605481.00,51212856,33647566,0.389905,0.0793567,0.845211,0.288218,74,23.6625,48,5.55124,1.33165,4rj020213,3304904
2007,0,133793579.00,89594189.00,76362213,33982423,0.535406,0.228395,0.233987,0.329028,77,20.8692,69,5.26509,1.49553,4rj020213,3304904
2008,0,175442644.00,84012667.00,96724261,27002310,0.311293,0.301685,-0.0622978,0.255684,64,19.905,64,6.6325,0.906927,4rj020213,3304904
2009,0,181167318.00,68029401.00,84826716,20123685,0.0326299,0.257898,-0.190248,0.117856,55,21.0447,70,8.4361,0.460141,4rj020213,3304904
2010,0,165889181.00,70729278.00,75487729,24086615,-0.0843316,0.214838,0.0396869,0.124437,57,19.4574,103,7.73594,0.678675,4rj020213,3304904
2011,0,204072751.00,59617719.00,82429712,17735694,0.230175,0.185536,-0.1571,-0.0386508,56,18.4174,66,7.77752,0.761827,4rj020213,3304904
2012,0,185835407.00,82258001.00,72675972,24041346,-0.0893669,0.0679198,0.379758,-0.0169408,55,21.1494,70,8.97806,2.72468,4rj020213,3304904
2013,0,199632936.00,44728130.00,54573510,14856889,0.074246,0.0261702,-0.456246,-0.11845,53,20.0082,73,8.10727,0.413608,4rj020213,3304904
2014,0,204510658.00,38278365.00,46131872,11549525,0.0244335,0.024536,-0.144199,-0.108644,41,16.6495,75,11.6429,0.113867,4rj020213,3304904
2000,0,53218645.00,127278996.00,8153254,738335179,None,None,None,None,17,4.75948,59,1.30212,None,4rj040102,3302403
2001,0,95469965.00,463533519.00,11108094,2147483647,0.79392,None,2.64187,None,29,7.73388,79,1.35023,None,4rj040102,3302403
2002,0,75184511.00,237534487.00,6875378,1950280622,-0.21248,None,-0.487557,None,27,6.10129,82,1.16549,0.140683,4rj040102,3302403
2003,0,91841423.00,9453009.00,9404163,2059935,0.221547,None,-0.960204,None,37,14.215,169,40.0572,-0.299913,4rj040102,3302403
2004,0,120107566.00,16050455.00,13274691,2347212,0.307771,None,0.69792,None,53,14.2712,216,25.4403,0.259926,4rj040102,3302403
2005,0,209939415.00,16288022.00,16409601,5989689,0.747928,0.315849,0.0148013,-0.337139,56,16.1371,208,37.314,-0.266096,4rj040102,3302403
2006,0,223218155.00,523950207.00,18720052,1591446431,0.0632503,0.185148,31.1678,0.0248063,52,2.70317,164,1.3019,0.245258,4rj040102,3302403
2007,0,339097345.00,2233039592.00,29632927,2147483647,0.51913,0.351572,3.26193,0.565431,53,1.84655,157,1.07492,0.441175,4rj040102,3302403
2008,0,509917073.00,4474850769.00,39755382,2147483647,0.503748,0.408939,1.00393,2.42801,55,2.77101,137,1.07937,-0.870128,4rj040102,3302403
2009,0,661714230.00,2672873308.00,85712657,2147483647,0.29769,0.40676,-0.40269,1.78162,58,2.95845,141,1.08607,-1.34819,4rj040102,3302403
2010,0,595716201.00,3591083399.00,54175446,2147483647,-0.099738,0.231939,0.343529,1.94219,69,2.78188,189,1.07349,-3.14542,4rj040102,3302403
2011,0,661281106.00,3467368346.00,48705698,2147483647,0.110061,0.2426,-0.0344506,0.459291,66,3.21346,222,1.14171,0.0532314,4rj040102,3302403
2012,0,713185214.00,3523546152.00,53688878,2147483647,0.0784902,0.160314,0.0162019,0.0955109,66,7.61836,267,1.11883,-0.305271,4rj040102,3302403
2013,0,895118965.00,4470961346.00,103626761,2147483647,0.2551,0.119119,0.268881,-0.000173895,71,5.03488,241,1.17567,-0.337771,4rj040102,3302403
2014,0,697277034.00,2966819113.00,39445581,2147483647,-0.221023,0.0105248,-0.336425,0.0210865,78,6.95885,287,1.37781,-0.421815,4rj040102,3302403
2000,0,1043986934.00,56715911.00,2147483647,368480050,None,None,None,None,8,2.89187,132,2.19857,None,4rj050000,3300100
2001,0,982966979.00,283482396.00,2147483647,2147483647,-0.058449,None,3.99829,None,15,5.9275,122,1.85848,None,4rj050000,3300100
2002,0,1098180455.00,899953789.00,2147483647,2147483647,0.11721,None,2.17464,None,18,5.98487,39,1.40673,-1.16273,4rj050000,3300100
2003,0,1063491136.00,915948305.00,2147483647,2147483647,-0.031588,None,0.0177726,None,12,7.04586,48,1.8286,-0.817874,4rj050000,3300100
2004,0,1911784986.00,828273232.00,2147483647,2147483647,0.79765,None,-0.0957205,None,12,6.31792,7,2.00824,-0.582648,4rj050000,3300100
2005,0,2140161013.00,357817227.00,2147483647,1755250582,0.119457,0.154384,-0.567996,0.445411,11,5.1677,7,1.89919,-0.206615,4rj050000,3300100
2006,0,1586577742.00,786222665.00,2147483647,2147483647,-0.258664,0.100486,1.19727,0.22632,11,6.92935,6,1.16288,-0.305181,4rj050000,3300100
2007,0,2259088894.00,5953137385.00,2147483647,2147483647,0.423875,0.155186,6.57182,0.459167,15,8.62938,7,1.4847,-2.50411,4rj050000,3300100
2008,0,3852782900.00,6656271563.00,2147483647,2147483647,0.705459,0.293624,0.118112,0.486867,16,8.89329,8,1.45133,-2.19799,4rj050000,3300100
2009,0,2204916702.00,5542321994.00,2147483647,2147483647,-0.427708,0.0289414,-0.167353,0.462526,13,7.13766,4,1.03489,-1.80444,4rj050000,3300100
2010,0,2591953665.00,9728845401.00,2147483647,2147483647,0.175534,0.0390493,0.755374,0.935887,17,7.95229,5,1.09788,-3.23065,4rj050000,3300100
2011,0,3420139015.00,14297423718.00,2147483647,2147483647,0.319522,0.166048,0.469591,0.786251,16,7.59523,15,1.45385,-2.74748,4rj050000,3300100
2012,0,3848926575.00,12207628448.00,2147483647,2147483647,0.125371,0.112452,-0.146166,0.154455,13,6.20586,9,1.46014,-2.40402,4rj050000,3300100
2013,0,3017914446.00,5294035468.00,2147483647,2147483647,-0.215907,-0.0476722,-0.566334,-0.0447629,13,5.27817,9,1.95158,-1.08325,4rj050000,3300100
2014,0,3844363632.00,5838027500.00,2147483647,2147483647,0.273848,0.1176,0.102756,0.0104501,14,6.00837,28,1.66395,-1.34402,4rj050000,3300100
2000,0,1300827660.00,839213930.00,225741276,223421177,None,None,None,None,140,14.9784,394,24.782,None,4sp040101,3509502
2001,0,1164085725.00,799704507.00,250630296,454720125,-0.105119,None,-0.0470791,None,146,14.7687,405,29.2521,None,4sp040101,3509502
2002,0,880742358.00,543839389.00,209998735,196001227,-0.243404,None,-0.31995,None,143,14.8452,415,32.9934,7.1333,4sp040101,3509502
2003,0,667742707.00,661123652.00,258724993,239102075,-0.241841,None,0.21566,None,141,15.3584,477,32.3412,5.43153,4sp040101,3509502
2004,0,1112386602.00,827616674.00,295809835,222749420,0.665891,None,0.251833,None,149,14.6158,500,27.0838,2.50738,4sp040101,3509502
2005,0,1331279883.00,1181497059.00,253767408,241200988,0.196778,0.00463874,0.42759,0.0708089,146,14.1288,500,22.3912,5.43671,4sp040101,3509502
2006,0,1364868771.00,1466538606.00,302489659,236263057,0.0252305,0.0323363,0.241255,0.128945,148,12.6486,511,15.7257,5.38456,4sp040101,3509502
2007,0,1582308943.00,1291044120.00,357488739,241040800,0.159312,0.124316,-0.119666,0.18876,162,16.2051,464,23.8939,3.92717,4sp040101,3509502
2008,0,2466033146.00,1235033501.00,431766140,249131948,0.558503,0.298608,-0.043384,0.133129,147,18.3415,511,23.5761,1.83881,4sp040101,3509502
2009,0,2047798624.00,1010739349.00,318827207,173483072,-0.169598,0.129812,-0.18161,0.0407873,152,15.9143,482,23.4801,4.69571,4sp040101,3509502
2010,0,2640358342.00,986840358.00,629265905,204342797,0.289364,0.146776,-0.0236451,-0.0353654,141,19.8412,504,32.1824,3.35162,4sp040101,3509502
2011,0,3603481307.00,1095374095.00,531381507,325669112,0.36477,0.214301,0.109981,-0.0566914,140,20.494,483,33.5192,3.56915,4sp040101,3509502
2012,0,3947939902.00,1210864554.00,331943240,481816949,0.0955905,0.200648,0.105435,-0.0127415,138,20.41,475,31.6124,1.2832,4sp040101,3509502
2013,0,4118112954.00,1243152053.00,397156064,513181651,0.0431043,0.108,0.0266648,0.00131127,135,22.8992,492,34.2708,5.46859,4sp040101,3509502
2014,0,3772068545.00,1228534118.00,413039602,489789941,-0.0840298,0.129948,-0.0117588,0.0397995,129,22.9283,471,33.8444,4.96046,4sp040101,3509502
2000,0,345844854.00,42612364.00,20525286,7133850,None,None,None,None,40,5.80443,107,10.7442,None,4sp040105,3519071
2001,0,319112265.00,62225500.00,32971339,6969562,-0.0772965,None,0.460269,None,44,9.2879,155,17.3776,None,4sp040105,3519071
2002,0,256340951.00,41477860.00,47309478,7407121,-0.196706,None,-0.333427,None,52,14.7969,160,15.692,2.90396,4sp040105,3519071
2003,0,276640393.00,48340131.00,29958031,14414051,0.0791892,None,0.165444,None,71,16.6134,101,11.5233,1.26416,4sp040105,3519071
2004,0,370195317.00,93093552.00,36263643,32907113,0.338182,None,0.925803,None,73,19.0813,118,9.25476,2.34624,4sp040105,3519071
2005,0,388910143.00,103638776.00,25360796,41299257,0.0505539,0.0237492,0.113276,0.194531,70,18.3811,118,6.9948,1.49056,4sp040105,3519071
2006,0,442796890.00,86818260.00,27292941,34300920,0.138558,0.0677073,-0.162299,0.068879,74,18.7044,102,15.6584,1.10984,4sp040105,3519071
2007,0,715820182.00,167275975.00,36343377,32724286,0.616588,0.227997,0.926737,0.321671,74,15.459,122,16.6406,2.35715,4sp040105,3519071
2008,0,1025719557.00,179341508.00,37775386,18609190,0.432929,0.299639,0.0721295,0.299794,51,14.0409,138,16.0073,2.64026,4sp040105,3519071
2009,0,948164549.00,146958444.00,32993880,8649147,-0.0756103,0.206954,-0.180566,0.0956075,54,8.52756,176,13.6546,3.42853,4sp040105,3519071
2010,0,1412022666.00,488311186.00,51750925,17699153,0.489217,0.294191,2.32278,0.363436,55,2.97697,155,5.38264,4.06627,4sp040105,3519071
2011,0,1311839536.00,391426935.00,67142222,18987761,-0.0709501,0.242611,-0.198407,0.351475,68,4.67048,142,8.14574,4.70558,4sp040105,3519071
2012,0,1270697013.00,142024965.00,72796003,12528304,-0.0313625,0.121625,-0.637161,-0.0321986,66,11.8031,133,17.1473,1.94452,4sp040105,3519071
2013,0,1238421200.00,139542136.00,69929474,13502093,-0.0254001,0.0384078,-0.0174816,-0.0489466,73,13.4457,136,17.3496,1.46543,4sp040105,3519071
2014,0,1208340070.00,119191913.00,73557730,8198458,-0.0242899,0.0496901,-0.145836,-0.041018,77,15.6884,145,17.6322,1.638,4sp040105,3519071
2000,0,402098213.00,130971845.00,638646810,107265500,None,None,None,None,48,14.4565,95,16.2532,None,4sp040110,3536505
2001,0,402395064.00,134487068.00,570566006,107683725,0.000738255,None,0.0268395,None,51,16.1926,117,21.3071,None,4sp040110,3536505
2002,0,390185375.00,161186449.00,631108638,121804461,-0.0303425,None,0.198528,None,55,18.956,108,17.37,5.6228,4sp040110,3536505
2003,0,486799993.00,166315251.00,684972208,111772938,0.247612,None,0.0318191,None,54,18.5765,117,15.881,5.36882,4sp040110,3536505
2004,0,785182264.00,240101677.00,836866236,157212966,0.612946,None,0.443654,None,56,15.1992,134,13.8428,4.49034,4sp040110,3536505
2005,0,819768913.00,345354019.00,757775901,214289801,0.0440492,0.153113,0.438366,0.213996,57,15.1876,135,13.6237,4.92808,4sp040110,3536505
2006,0,817813971.00,387935929.00,672633597,273520432,-0.00238475,0.152392,0.123299,0.235993,60,16.071,123,13.0728,5.39394,4sp040110,3536505
2007,0,1252336527.00,460190677.00,941079856,320787654,0.531322,0.26267,0.186254,0.233451,67,15.8408,127,11.6221,3.39571,4sp040110,3536505
2008,0,1579396239.00,578336315.00,758768018,450092981,0.26116,0.265401,0.256732,0.283068,70,19.97,137,12.3586,4.12976,4sp040110,3536505
2009,0,1465249735.00,493047169.00,601873975,353174415,-0.0722722,0.132891,-0.147473,0.154778,69,19.6451,115,14.7313,3.12895,4sp040110,3536505
2010,0,1627026835.00,630370884.00,647478318,299272597,0.110409,0.14694,0.27852,0.127889,71,18.108,136,13.0481,4.19578,4sp040110,3536505
2011,0,2049755669.00,818536240.00,741220485,352234924,0.259817,0.201737,0.298499,0.161062,72,20.512,154,13.7569,3.58095,4sp040110,3536505
2012,0,2266228813.00,750195731.00,754771390,352910601,0.105609,0.125943,-0.0834911,0.102675,73,18.7509,181,14.3172,3.56812,4sp040110,3536505
2013,0,3094062147.00,669781657.00,831624946,294002807,0.365291,0.143951,-0.107191,0.0297945,62,16.9007,157,18.5329,3.82613,4sp040110,3536505
2014,0,3326896450.00,774199728.00,772215246,337465287,0.075252,0.178218,0.155899,0.0944424,75,19.8196,153,16.6874,3.65916,4sp040110,3536505
2000,0,261220483.00,142187458.00,50293119,117721847,None,None,None,None,75,15.2084,180,15.7491,None,4sp040113,3552403
2001,0,233854003.00,123435806.00,52033434,45411469,-0.104764,None,-0.13188,None,73,11.9877,166,15.4251,None,4sp040113,3552403
2002,0,234778596.00,135606048.00,69233375,54125529,0.00395372,None,0.0985957,None,79,12.8718,199,17.0976,8.45185,4sp040113,3552403
2003,0,322077160.00,191334007.00,85636640,69813097,0.371834,None,0.410955,None,84,12.3634,236,17.482,8.26198,4sp040113,3552403
2004,0,451725742.00,285817185.00,95503138,73959589,0.402539,None,0.493813,None,85,12.8541,244,18.2826,7.3688,4sp040113,3552403
2005,0,551476470.00,422949476.00,96957713,88965526,0.220821,0.161192,0.47979,0.243614,85,14.3002,235,16.1712,7.34095,4sp040113,3552403
2006,0,711793890.00,494638753.00,103195791,90072659,0.290706,0.249344,0.169498,0.319986,84,13.426,242,14.0439,9.04005,4sp040113,3552403
2007,0,988473102.00,675092985.00,134763454,104940712,0.388707,0.333096,0.36482,0.378532,86,12.3544,273,12.325,8.26229,4sp040113,3552403
2008,0,1621010904.00,714716604.00,191483530,97687167,0.639914,0.381546,0.0586936,0.301572,91,10.6825,259,13.6564,8.25473,4sp040113,3552403
2009,0,1398075774.00,482379190.00,157530471,71255256,-0.137528,0.25352,-0.325076,0.11035,87,8.87284,246,9.50407,6.53561,4sp040113,3552403
2010,0,1678386041.00,707261678.00,191193718,92391847,0.200497,0.249318,0.466194,0.108303,80,7.20307,264,8.88895,7.59436,4sp040113,3552403
2011,0,1471463692.00,569301579.00,172724745,75636235,-0.123287,0.156323,-0.195062,0.0285155,83,9.55787,251,17.0259,7.26101,4sp040113,3552403
2012,0,1802949042.00,647157403.00,203683429,86877453,0.225276,0.127726,0.136757,-0.00841656,76,7.50775,242,16.8088,6.03566,4sp040113,3552403
2013,0,1460526030.00,631841227.00,183280265,91515014,-0.189924,-0.0206348,-0.0236668,-0.0243483,83,7.71447,237,15.4994,4.67153,4sp040113,3552403
2014,0,715344506.00,395420115.00,162905443,76223653,-0.510214,-0.125425,-0.374178,-0.0389764,75,10.4583,250,23.9365,4.60187,4sp040113,3552403
2000,0,101228457.00,19989590.00,56665373,4593382,None,None,None,None,18,4.92159,34,2.46079,None,4sp070103,3527306
2001,0,116265570.00,19539983.00,61585462,4850189,0.148546,None,-0.0224921,None,19,5.23729,50,3.31287,None,4sp070103,3527306
2002,0,78844222.00,20917387.00,57954944,12736101,-0.321861,None,0.0704916,None,52,10.1695,42,6.9153,0.207452,4sp070103,3527306
2003,0,227139543.00,55197684.00,70594768,33209877,1.88086,None,1.63884,None,68,10.2395,54,8.41461,-0.399833,4sp070103,3527306
2004,0,183279544.00,56335700.00,62313322,25663849,-0.193097,None,0.0206171,None,74,7.15911,55,6.66299,0.375878,4sp070103,3527306
2005,0,193525578.00,59290093.00,63948911,25586897,0.0559039,0.13838,0.0524426,0.242898,69,7.25567,57,6.0666,0.203192,4sp070103,3527306
2006,0,260876780.00,70129226.00,69994721,28467271,0.348022,0.17543,0.182815,0.291204,47,6.5563,93,5.78203,0.138792,4sp070103,3527306
2007,0,342329985.00,164970933.00,72736957,80005344,0.312229,0.341328,1.35238,0.511402,65,12.7369,94,9.18685,-0.089918,4sp070103,3527306
2008,0,575537437.00,106110139.00,87193384,39197413,0.681236,0.20436,-0.356795,0.139639,55,8.828,93,7.48343,0.513994,4sp070103,3527306
2009,0,539976332.00,76417165.00,82674454,21609666,-0.0617876,0.24123,-0.279832,0.0628732,40,7.49506,82,6.84213,0.117302,4sp070103,3527306
2010,0,517305863.00,49457863.00,79574920,13034715,-0.0419842,0.217312,-0.352791,-0.0356146,45,11.1727,86,8.76066,0.0852209,4sp070103,3527306
2011,0,697184068.00,49466480.00,95240502,10063584,0.347721,0.217257,0.000174229,-0.067428,40,8.38393,66,5.71684,-0.0226801,4sp070103,3527306
2012,0,726138534.00,62244537.00,103030207,8925788,0.0415306,0.162291,0.258318,-0.177116,38,6.21214,81,6.25193,0.040824,4sp070103,3527306
2013,0,774754634.00,57992778.00,107201359,9842384,0.0669516,0.061251,-0.0683073,-0.113817,32,6.85355,115,7.08683,-0.0114146,4sp070103,3527306
2014,0,765235383.00,62984740.00,102370169,9364288,-0.0122868,0.0722204,0.086079,-0.0379251,34,8.36885,116,9.78163,-0.148194,4sp070103,3527306
2000,0,1254860582.00,1116209399.00,273622666,898614023,None,None,None,None,102,9.25972,504,23.8437,None,4sp090101,3518800
2001,0,1297377896.00,1094794158.00,247273734,1141561145,0.0338821,None,-0.0191857,None,118,10.1294,503,22.7756,None,4sp090101,3518800
2002,0,940482486.00,946318493.00,260961665,914144160,-0.27509,None,-0.13562,None,96,10.1767,465,29.9581,7.23917,4sp090101,3518800
2003,0,899821398.00,1048441593.00,293833107,1208826585,-0.0432343,None,0.107916,None,111,9.65007,516,23.8674,10.2298,4sp090101,3518800
2004,0,1091643538.00,1291651019.00,357385068,1407148014,0.213178,None,0.231972,None,124,10.485,536,23.6772,8.36662,4sp090101,3518800
2005,0,1218723221.00,1603691215.00,281350935,1310002790,0.116411,-0.0058271,0.241582,0.0751647,125,9.12797,562,18.8569,6.22921,4sp090101,3518800
2006,0,1528633619.00,1859223222.00,326359543,1276807812,0.254291,0.0333499,0.15934,0.111731,131,9.7232,555,18.6491,7.24945,4sp090101,3518800
2007,0,1740257945.00,2027901446.00,379496035,1220822124,0.13844,0.130974,0.0907251,0.164667,138,11.2207,574,20.4073,8.05778,4sp090101,3518800
2008,0,2273847661.00,2705336006.00,444816048,1298471765,0.306615,0.203708,0.334057,0.208747,137,8.45554,550,12.6747,7.50264,4sp090101,3518800
2009,0,2058711303.00,1637113525.00,536255250,1200876944,-0.0946134,0.13528,-0.394858,0.0485441,127,10.7981,608,16.8491,6.9156,4sp090101,3518800
2010,0,2723656722.00,2077541456.00,700371874,1372533808,0.322991,0.17449,0.269027,0.0531392,123,8.97221,542,15.7263,5.24377,4sp090101,3518800
2011,0,2777204592.00,2725322747.00,636085499,1555542570,0.0196603,0.126836,0.311802,0.0794867,128,7.94837,578,12.4137,6.48169,4sp090101,3518800
2012,0,2575177825.00,2921632677.00,557860177,1684547520,-0.0727446,0.0815304,0.0720318,0.0757609,123,8.37973,576,12.2063,9.31626,4sp090101,3518800
2013,0,2936749151.00,2620347172.00,770414674,1666052368,0.140406,0.0524976,-0.103122,-0.00636353,125,9.7038,589,10.1882,6.40207,4sp090101,3518800
2014,0,2734939084.00,2656364765.00,721670048,1812185372,-0.0687189,0.0584502,0.0137454,0.101645,120,9.3006,560,7.99807,8.35581,4sp090101,3518800
2000,0,930246010.00,133105709.00,209124892,33468636,None,None,None,None,92,13.0484,368,61.1056,None,4sp090400,3505708
2001,0,931395405.00,131975816.00,231594224,31670344,0.00123558,None,-0.00848869,None,92,16.6511,406,69.7583,None,4sp090400,3505708
2002,0,786697440.00,156799706.00,323885444,66829645,-0.155356,None,0.188094,None,109,24.7829,404,67.9896,0.400778,4sp090400,3505708
2003,0,794936523.00,219122616.00,174885429,331494164,0.010473,None,0.397468,None,129,27.1918,448,53.3774,9.85336,4sp090400,3505708
2004,0,941566065.00,420868640.00,147363444,424238043,0.184454,None,0.920699,None,152,35.8615,453,48.9809,7.05566,4sp090400,3505708
2005,0,1091429699.00,551495627.00,160114746,293608686,0.159164,0.0324751,0.310375,0.328829,164,34.3769,473,36.3513,5.7984,4sp090400,3505708
2006,0,1451541576.00,616490005.00,227874374,150404626,0.329945,0.092796,0.117851,0.361088,164,32.6104,466,38.1223,2.63383,4sp090400,3505708
2007,0,1474100162.00,630458759.00,248877458,126603548,0.0155411,0.133819,0.0226585,0.320877,163,31.254,453,36.0697,4.3618,4sp090400,3505708
2008,0,2012562229.00,524855860.00,295336924,83518529,0.365282,0.204158,-0.167502,0.190887,129,22.6599,457,38.4477,5.99121,4sp090400,3505708
2009,0,2021347018.00,441698306.00,450687951,61409761,0.00436498,0.165086,-0.158439,0.00970808,129,23.8128,424,37.4333,4.71729,4sp090400,3505708
2010,0,2453425638.00,487049374.00,527467196,64203088,0.213758,0.175859,0.102674,-0.0245474,124,22.5009,493,37.175,5.59133,4sp090400,3505708
2011,0,2530011013.00,623103431.00,349076619,92209740,0.0312157,0.117528,0.279343,0.00213636,120,19.6589,466,33.4524,4.13359,4sp090400,3505708
2012,0,2474976435.00,670752906.00,283359263,91850764,-0.0217527,0.109197,0.0764712,0.0124677,127,20.611,482,28.2204,3.81283,4sp090400,3505708
2013,0,2529455188.00,623974127.00,316325991,99073147,0.0220118,0.0467803,-0.0697407,0.0352025,134,23.5444,487,24.3697,5.72046,4sp090400,3505708
2014,0,2076500274.00,607575794.00,227294808,91128918,-0.179072,0.00539848,-0.0262805,0.0658472,129,21.1945,426,19.7035,4.23098,4sp090400,3505708
2000,0,296749834.00,91459157.00,97216783,31413258,None,None,None,None,57,8.3299,207,13.7308,None,4sp090405,3534401
2001,0,262830018.00,60865501.00,118280696,17253264,-0.114304,None,-0.334506,None,53,12.4167,207,18.4783,None,4sp090405,3534401
2002,0,210668718.00,68490312.00,118472106,22616028,-0.19846,None,0.125273,None,69,13.7411,197,17.8986,0.936773,4sp090405,3534401
2003,0,188100101.00,80997881.00,104553748,27940629,-0.107128,None,0.182618,None,71,14.783,266,22.9983,0.843146,4sp090405,3534401
2004,0,241562278.00,135232326.00,93558563,73990653,0.284222,None,0.669579,None,74,12.617,269,17.3324,0.801315,4sp090405,3534401
2005,0,285765615.00,164470259.00,93426483,53028017,0.182989,-0.00751512,0.216205,0.124533,78,7.74495,307,14.4185,1.69413,4sp090405,3534401
2006,0,293871204.00,261127860.00,65831341,234012809,0.0283645,0.0225779,0.58769,0.338124,75,8.42712,273,11.3691,2.09328,4sp090405,3534401
2007,0,476197060.00,285795676.00,106887066,434527395,0.620428,0.177165,0.0944664,0.330716,81,14.5338,289,11.4497,0.646015,4sp090405,3534401
2008,0,733171912.00,224222664.00,191949378,37512755,0.53964,0.312694,-0.215444,0.225861,84,11.155,286,19.0438,1.06106,4sp090405,3534401
2009,0,599903149.00,162147921.00,179719116,29078220,-0.18177,0.199528,-0.276844,0.03697,85,14.4957,260,26.9703,1.27908,4sp090405,3534401
2010,0,924427306.00,204445417.00,301664438,99312502,0.540961,0.264656,0.260857,0.0444749,75,14.964,256,22.7815,0.816743,4sp090405,3534401
2011,0,1057741817.00,212461370.00,268865703,45527405,0.144213,0.291947,0.0392083,-0.0404108,78,14.6537,265,23.5609,2.86365,4sp090405,3534401
2012,0,914688333.00,193939434.00,175471004,82793370,-0.135244,0.139455,-0.0871779,-0.0746158,69,14.3861,225,19.597,0.803685,4sp090405,3534401
2013,0,1121604712.00,188864987.00,227601016,83038052,0.226215,0.0887466,-0.0261651,-0.0337391,67,14.4286,213,19.0056,1.6665,4sp090405,3534401
2014,0,1061702972.00,178500895.00,216764042,98184050,-0.0534072,0.120945,-0.0548757,0.0194028,63,15.7849,226,20.114,1.41113,4sp090405,3534401
2000,0,228516071.00,124186091.00,2041726926,390409895,None,None,None,None,68,14.691,22,8.38851,None,4sp090501,3513504
2001,0,325149608.00,133961283.00,1656414486,388857790,0.422874,None,0.0787141,None,70,16.8288,28,8.53399,None,4sp090501,3513504
2002,0,404139478.00,111678493.00,2147483647,506123655,0.242934,None,-0.166338,None,76,21.9555,37,10.548,-0.0772741,4sp090501,3513504
2003,0,592597464.00,160552263.00,2147483647,622749053,0.466319,None,0.437629,None,80,31.239,36,9.04537,-0.301793,4sp090501,3513504
2004,0,525900750.00,194345881.00,2147483647,650983477,-0.11255,None,0.210484,None,91,25.8114,27,11.2274,-0.288838,4sp090501,3513504
2005,0,571605650.00,170851429.00,2147483647,562133185,0.0869078,0.201257,-0.12089,0.065882,69,13.9627,31,14.4244,0.0960891,4sp090501,3513504
2006,0,581098307.00,161040057.00,2147483647,376641531,0.016607,0.123138,-0.0574263,0.0375067,68,13.4601,29,16.4381,0.900464,4sp090501,3513504
2007,0,967011802.00,736609146.00,2147483647,1420121913,0.664111,0.190639,3.57407,0.458322,68,13.3704,36,9.72218,1.48641,4sp090501,3513504
2008,0,1567346821.00,839394148.00,2147483647,995357997,0.620815,0.214734,0.139538,0.392098,44,12.6133,30,8.53298,2.43453,4sp090501,3513504
2009,0,876611544.00,530934559.00,2147483647,1158537331,-0.440704,0.107594,-0.367479,0.222625,49,20.9299,27,8.22987,2.05948,4sp090501,3513504
2010,0,1133311878.00,905413830.00,2147483647,1567581009,0.292832,0.146702,0.705321,0.395872,49,26.0624,30,8.99152,2.66961,4sp090501,3513504
2011,0,1651695569.00,831694297.00,2147483647,1091794605,0.457406,0.232356,-0.0814208,0.388692,46,23.5853,25,10.0922,2.06988,4sp090501,3513504
2012,0,1855004949.00,1163729271.00,2147483647,1781696775,0.123091,0.139155,0.399227,0.095779,59,17.6441,35,9.18801,2.55537,4sp090501,3513504
2013,0,1137786563.00,759043691.00,2147483647,1112104528,-0.38664,-0.0620512,-0.347749,-0.0199231,81,30.7055,32,11.6092,2.25564,4sp090501,3513504
2014,0,958405133.00,1087421319.00,2147483647,1432977049,-0.157658,0.0180014,0.43262,0.154174,100,22.2674,37,11.4615,2.58808,4sp090501,3513504
2000,0,551706404.00,918922810.00,2147483647,2147483647,None,None,None,None,96,16.0585,100,7.12321,None,4sp090504,3548500
2001,0,384677949.00,1224006687.00,1761751889,2147483647,-0.302749,None,0.332002,None,102,15.2471,127,8.00251,None,4sp090504,3548500
2002,0,370128088.00,1030450464.00,1979366590,2147483647,-0.0378235,None,-0.158133,None,100,17.2248,165,7.14952,-2.91447,4sp090504,3548500
2003,0,330725092.00,1426503769.00,1459352461,2147483647,-0.106458,None,0.38435,None,114,16.0564,245,6.42921,-3.58647,4sp090504,3548500
2004,0,306335028.00,1682448139.00,1326304141,2147483647,-0.0737472,None,0.179421,None,114,20.9074,262,7.26932,-4.15353,4sp090504,3548500
2005,0,281833947.00,2379340012.00,1612888559,2147483647,-0.0799813,-0.125707,0.414213,0.209583,118,24.5249,320,6.39682,-4.65228,4sp090504,3548500
2006,0,480522681.00,3047503544.00,1451347602,2147483647,0.704985,0.0454983,0.280819,0.20014,127,24.5533,272,6.16393,-3.68307,4sp090504,3548500
2007,0,643449472.00,3175922545.00,1425239160,2147483647,0.339062,0.116947,0.0421391,0.252474,128,23.3272,235,6.52697,-3.15771,4sp090504,3548500
2008,0,1020370200.00,3905869851.00,1625757352,2147483647,0.585781,0.252732,0.229838,0.223176,119,18.7192,269,7.09996,-0.359022,4sp090504,3548500
2009,0,684483264.00,3514113407.00,1589241578,2147483647,-0.329181,0.174446,-0.100299,0.15871,115,21.5167,244,6.66748,-2.68356,4sp090504,3548500
2010,0,1159071588.00,4687759335.00,1991476124,2147483647,0.693353,0.326855,0.333981,0.145254,119,22.3089,198,5.80685,-2.20968,4sp090504,3548500
2011,0,1690062762.00,5218167800.00,2147483647,2147483647,0.458118,0.285991,0.113148,0.113563,112,23.3078,253,6.33145,-3.78309,4sp090504,3548500
2012,0,970387711.00,5947739062.00,1490672095,2147483647,-0.425827,0.0856408,0.139814,0.133695,121,20.0509,206,7.90644,-2.24611,4sp090504,3548500
2013,0,1222592043.00,5845330297.00,1639398658,2147483647,0.259901,0.0368233,-0.0172181,0.0839725,124,20.1728,218,7.72386,-2.27765,4sp090504,3548500
2014,0,1023738766.00,4364206256.00,1769093968,2147483647,-0.162649,0.0838402,-0.253386,0.0442823,117,19.0202,180,7.35203,-1.21312,4sp090504,3548500
2000,0,1040016741.00,1319468865.00,212136563,269919127,None,None,None,None,120,10.9513,441,21.3422,None,4sp090605,3548708
2001,0,1072260817.00,1431727969.00,227572761,316313732,0.0310034,None,0.085079,None,122,13.6596,456,20.1773,None,4sp090605,3548708
2002,0,928936636.00,1452407120.00,218490968,301629152,-0.133665,None,0.0144435,None,127,14.8616,430,17.3442,10.8352,4sp090605,3548708
2003,0,1001197707.00,2057668077.00,254433164,416918792,0.077789,None,0.41673,None,134,19.6891,485,18.3379,13.0341,4sp090605,3548708
2004,0,1389967435.00,2789497202.00,304830624,575020049,0.388305,None,0.355659,None,144,20.6369,553,17.1425,12.9807,4sp090605,3548708
2005,0,1757272144.00,3671307783.00,313360164,645674553,0.264254,0.110605,0.316118,0.227112,141,23.373,531,16.8911,13.918,4sp090605,3548708
2006,0,1829024709.00,4505897949.00,287441112,713361299,0.0408318,0.112715,0.227328,0.257721,143,20.1417,529,16.7763,12.1138,4sp090605,3548708
2007,0,2167485560.00,4290865882.00,323721641,630025702,0.18505,0.184661,-0.0477224,0.241913,141,19.372,506,18.416,12.1325,4sp090605,3548708
2008,0,2665913670.00,4489932250.00,370434109,568600625,0.229957,0.216369,0.0463931,0.168888,128,17.4575,474,17.7148,9.76444,4sp090605,3548708
2009,0,2158961160.00,2938611762.00,255782332,422259074,-0.190161,0.0920639,-0.345511,0.0104696,128,14.2492,482,27.3483,14.1036,4sp090605,3548708
2010,0,3025684292.00,3991196977.00,462937301,542585037,0.401454,0.1148,0.358191,0.016849,127,12.2271,499,23.3351,10.7211,4sp090605,3548708
2011,0,3667852637.00,4996325426.00,453123046,618077623,0.212239,0.149313,0.251836,0.0208781,119,11.2381,504,22.0989,11.539,4sp090605,3548708
2012,0,3061576930.00,4336874447.00,340876581,492350906,-0.165294,0.0715139,-0.131987,0.00213535,119,10.4697,491,20.8419,11.1237,4sp090605,3548708
2013,0,4016989291.00,4537511199.00,413453672,509225394,0.312065,0.0854527,0.046263,0.00211043,120,8.66339,482,19.3476,9.59753,4sp090605,3548708
2014,0,3154612741.00,3589868538.00,361017167,433789239,-0.214682,0.0787983,-0.208846,0.0408479,118,10.4851,488,20.2161,10.8678,4sp090605,3548708
2000,0,6310464050.00,4060244558.00,2147483647,2147483647,None,None,None,None,162,26.105,957,62.2356,None,4sp090607,3550308
2001,0,5809058600.00,4438143356.00,2147483647,2147483647,-0.0794562,None,0.0930729,None,169,32.0668,960,60.1646,None,4sp090607,3550308
2002,0,4408193950.00,4152156025.00,2147483647,2147483647,-0.241152,None,-0.0644385,None,178,36.5945,972,54.7973,13.6298,4sp090607,3550308
2003,0,3966519344.00,4853407313.00,2147483647,2147483647,-0.100194,None,0.168888,None,179,34.2894,1001,53.3239,4.62775,4sp090607,3550308
2004,0,4573083859.00,5970702796.00,2147483647,2147483647,0.152921,None,0.230208,None,183,34.5695,1009,52.1721,5.25723,4sp090607,3550308
2005,0,5499136684.00,5715780440.00,2147483647,2147483647,0.202501,-0.0271483,-0.0426955,0.0707909,193,35.9268,1018,70.6332,13.8654,4sp090607,3550308
2006,0,6485521305.00,7256644686.00,2147483647,2147483647,0.179371,0.0222752,0.269581,0.103334,192,35.1396,1004,55.807,19.1872,4sp090607,3550308
2007,0,8262004375.00,7228887279.00,2147483647,2147483647,0.273915,0.133874,-0.0038251,0.117274,191,35.6864,1007,59.3384,15.349,4sp090607,3550308
2008,0,11226901227.00,10199310904.00,2147483647,2147483647,0.358859,0.231318,0.41091,0.160125,189,35.9442,996,49.5422,10.9925,4sp090607,3550308
2009,0,9375572624.00,5947784686.00,2147483647,2147483647,-0.164901,0.154404,-0.416844,-0.000768867,187,40.6927,988,51.6687,12.1056,4sp090607,3550308
2010,0,13911387569.00,6284876290.00,2147483647,2147483647,0.483791,0.203969,0.0566752,0.0191644,188,39.3301,962,50.7082,12.9252,4sp090607,3550308
2011,0,14755594152.00,8976397212.00,2147483647,2147483647,0.0606846,0.178697,0.428254,0.0434538,186,41.5887,952,29.7135,19.4125,4sp090607,3550308
2012,0,13216933075.00,9021718069.00,2147483647,2147483647,-0.104276,0.0985227,0.00504889,0.0453063,192,41.3015,966,34.7159,12.6412,4sp090607,3550308
2013,0,13408147845.00,8603026018.00,2147483647,2147483647,0.0144674,0.036148,-0.0464093,-0.0334683,190,33.7583,931,29.8731,7.30471,4sp090607,3550308
2014,0,13549111270.00,7322811814.00,2147483647,2147483647,0.0105133,0.0764221,-0.14881,0.0424723,183,32.6327,940,32.368,7.97751,4sp090607,3550308
2000,0,44612.00,None,2971,None,None,None,None,None,0,None,0,None,None,4sp140201,3520400
2001,0,63370.00,None,3706,None,0.42047,None,None,None,0,None,0,None,None,4sp140201,3520400
2002,0,45829.00,None,4692,None,-0.276803,None,None,None,0,None,0,None,None,4sp140201,3520400
2003,0,76562.00,None,4554,None,0.670602,None,None,None,0,None,0,None,None,4sp140201,3520400
2004,0,159577.00,1976.00,6947,115,1.08428,None,None,None,1,1.0,1,1.0,4.81017e-06,4sp140201,3520400
2005,0,306978.00,None,10046,None,0.923698,0.470724,None,None,0,None,0,None,None,4sp140201,3520400
2006,0,259913.00,787385.00,9598,20000,-0.153317,0.326138,None,None,1,1.0,1,1.0,-0.00272427,4sp140201,3520400
2007,0,259443.00,None,10227,None,-0.0018083,0.414426,None,None,0,None,0,None,None,4sp140201,3520400
2008,0,351028.00,None,12124,None,0.353006,0.356019,None,None,0,None,0,None,None,4sp140201,3520400
2009,0,278293.00,None,5844,None,-0.207206,0.117651,None,None,0,None,0,None,None,4sp140201,3520400
2010,0,252293.00,None,8161,None,-0.0934267,-0.0384772,None,None,0,None,0,None,None,4sp140201,3520400
2011,0,327717.00,None,31035,None,0.298954,0.0474522,None,None,0,None,0,None,None,4sp140201,3520400
2012,0,327912.00,None,8099,None,0.000595026,0.0479561,None,None,0,None,0,None,None,4sp140201,3520400
2013,0,732882.00,None,11967,None,1.235,0.158613,None,None,0,None,0,None,None,4sp140201,3520400
2014,0,645828.00,584283879.00,14961,845375443,-0.118783,0.183376,None,None,1,1.0,2,1.00006,-0.115195,4sp140201,3520400
2000,0,3054630438.00,3882173797.00,238100977,158149991,None,None,None,None,86,11.2278,337,4.85727,None,4sp140505,3549904
2001,0,3182036023.00,4215452564.00,215378051,188923104,0.041709,None,0.0858485,None,84,7.46775,341,4.85203,None,4sp140505,3549904
2002,0,1883531831.00,3290422545.00,186251039,199049935,-0.408073,None,-0.219438,None,86,6.80005,383,4.44574,11.9697,4sp140505,3549904
2003,0,1926988256.00,3074335272.00,133589233,233004147,0.0230718,None,-0.0656716,None,90,6.76762,404,5.37952,12.3431,4sp140505,3549904
2004,0,2933481554.00,4725282915.00,194430653,266231145,0.522314,None,0.53701,None,93,6.98808,427,4.4828,9.21148,4sp140505,3549904
2005,0,2596372966.00,4913442482.00,143046207,271814318,-0.114918,-0.0319859,0.0398197,0.0482435,95,10.8294,393,4.94533,8.68923,4sp140505,3549904
2006,0,2918259704.00,4913142989.00,120767662,233585724,0.123976,-0.0171579,-6.09538e-05,0.0311053,103,17.9434,397,5.19585,6.53457,4sp140505,3549904
2007,0,3824488269.00,6163540463.00,177701219,189839686,0.310537,0.152179,0.254501,0.133746,103,15.823,392,4.13794,7.35921,4sp140505,3549904
2008,0,4816550440.00,6973378967.00,186713090,167762105,0.259397,0.201079,0.131392,0.177981,105,16.2159,404,3.4739,6.95454,4sp140505,3549904
2009,0,2664457170.00,4858968611.00,118235935,107972943,-0.446812,-0.0190541,-0.303212,0.00559535,99,23.2575,355,3.45974,8.79824,4sp140505,3549904
2010,0,2889912073.00,5221670727.00,136273958,147151559,0.0846157,0.0216532,0.0746459,0.0122429,107,23.9958,369,4.60684,9.80325,4sp140505,3549904
2011,0,3596578662.00,5787767800.00,215914856,156503367,0.244529,0.042685,0.108413,0.0333093,117,21.4278,404,5.42571,8.81548,4sp140505,3549904
2012,0,3498011785.00,6300627791.00,248715842,126627426,-0.0274057,-0.0176877,0.088611,0.00440928,123,21.1124,369,4.80094,8.70241,4sp140505,3549904
2013,0,3505681831.00,5403395808.00,286697111,103408516,0.00219269,-0.0615583,-0.142404,-0.0497351,133,18.0745,375,4.75992,9.41752,4sp140505,3549904
2014,0,3245334899.00,4595619992.00,237388010,59769703,-0.0742643,0.0402319,-0.149494,-0.0110826,120,11.4888,377,4.35077,7.32939,4sp140505,3549904
2000,0,1121785604.00,660031277.00,982033621,423790731,None,None,None,None,108,19.3882,426,32.5467,None,5pr030109,4106902
2001,0,1344553804.00,569365804.00,715373725,458235458,0.198584,None,-0.137365,None,105,21.9632,448,36.1205,None,5pr030109,4106902
2002,0,741687850.00,548483212.00,701616570,546404985,-0.448376,None,-0.0366769,None,109,24.8139,439,36.2918,2.5833,5pr030109,4106902
2003,0,885840447.00,828675599.00,621727281,703233708,0.194357,None,0.51085,None,119,23.0574,525,39.0197,5.22671,5pr030109,4106902
2004,0,1135020323.00,1317611713.00,638462479,776195631,0.281292,None,0.590021,None,122,18.4803,511,28.9078,3.72441,5pr030109,4106902
2005,0,1200106036.00,1673842555.00,354567049,666081600,0.0573432,0.0135891,0.270361,0.204564,130,16.9891,528,25.1696,7.44545,5pr030109,4106902
2006,0,1445181626.00,1499973913.00,569600397,533785317,0.204212,0.0145392,-0.103874,0.213776,134,17.1055,494,29.7977,7.60484,5pr030109,4106902
2007,0,2208181816.00,1715331663.00,658998624,516756049,0.527961,0.243835,0.143574,0.256137,145,20.0877,506,29.0577,5.98701,5pr030109,4106902
2008,0,3167865112.00,2208056089.00,751887267,492108995,0.434603,0.290275,0.287247,0.216536,144,22.1501,534,27.1756,6.17241,5pr030109,4106902
2009,0,2430320999.00,1090688049.00,707066777,311067551,-0.232821,0.16448,-0.506042,-0.0370968,128,22.9736,512,38.7334,5.41791,5pr030109,4106902
2010,0,3734293702.00,1455169126.00,1120389834,311986426,0.536543,0.254867,0.334175,-0.0276116,133,19.0638,506,29.4631,10.7992,5pr030109,4106902
2011,0,4706190467.00,1726360001.00,1117874707,384184785,0.260263,0.266337,0.186364,0.0285124,119,17.4908,519,31.7018,5.01284,5pr030109,4106902
2012,0,4481570056.00,1718350362.00,1166425003,402534865,-0.0477287,0.152071,-0.00463961,0.000351719,126,17.6697,499,33.8332,3.87316,5pr030109,4106902
2013,0,4699713928.00,1633926136.00,1146053105,438648351,0.0486758,0.0820839,-0.049131,-0.0584477,127,16.8647,484,33.0562,1.81233,5pr030109,4106902
2014,0,3902650399.00,1431169591.00,957656860,527255455,-0.169598,0.0993582,-0.124092,0.05584,126,20.8048,501,36.8786,2.43192,5pr030109,4106902
2000,0,572289124.00,1178728875.00,2147483647,2147483647,None,None,None,None,88,25.5287,38,5.95119,None,5pr030305,4118204
2001,0,402538084.00,1419188311.00,2147483647,2147483647,-0.296618,None,0.203999,None,97,28.5517,38,6.8488,None,5pr030305,4118204
2002,0,355251018.00,1215989801.00,2147483647,2147483647,-0.117472,None,-0.143179,None,87,24.4754,44,6.17738,-1.80067,5pr030305,4118204
2003,0,439920520.00,1710192060.00,2147483647,2147483647,0.238337,None,0.40642,None,109,24.1637,64,6.29142,-2.21744,5pr030305,4118204
2004,0,601355631.00,2731994952.00,2147483647,2147483647,0.366964,None,0.597478,None,111,26.2988,70,7.94923,-3.1335,5pr030305,4118204
2005,0,390052020.00,2121205574.00,2074155754,2147483647,-0.351379,-0.0738072,-0.223569,0.124692,114,23.9765,56,9.31115,-3.82771,5pr030305,4118204
2006,0,462101495.00,2058184350.00,2147483647,2147483647,0.184718,0.0279833,-0.0297101,0.0771814,112,29.5894,48,11.6465,-3.22119,5pr030305,4118204
2007,0,974668927.00,2970643253.00,2147483647,2147483647,1.10921,0.22367,0.443332,0.195595,130,26.5421,59,8.71635,-1.6112,5pr030305,4118204
2008,0,2257842167.00,4053265526.00,2147483647,2147483647,1.31652,0.38696,0.36444,0.188371,129,25.8755,55,9.33994,-2.87351,5pr030305,4118204
2009,0,1029543357.00,3669737803.00,2147483647,2147483647,-0.544014,0.113532,-0.0946219,0.0607939,129,29.9999,55,7.56032,-1.6223,5pr030305,4118204
2010,0,1198175488.00,4140138980.00,2147483647,2147483647,0.163793,0.25164,0.128184,0.143106,131,25.7673,46,8.23342,-1.40191,5pr030305,4118204
2011,0,1986420379.00,4946233031.00,2147483647,2147483647,0.657871,0.338649,0.194702,0.191676,126,25.9397,45,7.85415,-2.62308,5pr030305,4118204
2012,0,1930149639.00,5038474804.00,2147483647,2147483647,-0.0283277,0.146428,0.0186489,0.111449,142,26.6527,51,8.18434,-3.09152,5pr030305,4118204
2013,0,2168297181.00,4720132254.00,2147483647,2147483647,0.123383,-0.00806082,-0.0631823,0.0309315,135,18.776,46,6.02338,-2.67628,5pr030305,4118204
2014,0,2113843949.00,4297479011.00,2147483647,2147483647,-0.0251134,0.154744,-0.0895427,0.0320857,132,16.8605,35,5.77149,-2.82522,5pr030305,4118204
2000,0,477627567.00,564350326.00,890253896,800224438,None,None,None,None,98,11.0049,412,17.9018,None,5rs020416,4314902
2001,0,520721397.00,649255609.00,1247706706,1414891312,0.0902248,None,0.150448,None,95,11.9773,447,17.3357,None,5rs020416,4314902
2002,0,442376298.00,639866675.00,1152459668,906957553,-0.150455,None,-0.0144611,None,104,7.0898,464,13.7944,-0.0913027,5rs020416,4314902
2003,0,410782956.00,758628148.00,1063041501,1372325218,-0.0714173,None,0.185603,None,105,10.1978,486,12.7692,-0.688492,5rs020416,4314902
2004,0,456869397.00,701452036.00,1039173664,850836271,0.112192,None,-0.0753678,None,120,18.9538,492,22.595,0.963522,5rs020416,4314902
2005,0,474111434.00,582785888.00,906015683,450362395,0.0377395,-0.00147669,-0.169172,0.00644964,127,21.8227,471,22.9553,0.405763,5rs020416,4314902
2006,0,637725808.00,778483806.00,1075977660,900590329,0.345097,0.0413716,0.335797,0.0369714,121,19.2791,488,24.7688,-0.459451,5rs020416,4314902
2007,0,801213154.00,863726658.00,1102895016,1142068475,0.25636,0.126137,0.109499,0.0618358,121,18.4828,475,15.9129,-2.34072,5rs020416,4314902
2008,0,1365230554.00,1228725867.00,1234903125,1455801995,0.703954,0.271507,0.422586,0.101248,120,19.2924,463,12.3507,-0.412138,5rs020416,4314902
2009,0,898699439.00,1350086276.00,1062338178,2147483647,-0.341723,0.144892,0.0987693,0.139916,122,10.352,452,6.84177,-0.99495,5rs020416,4314902
2010,0,1121676816.00,1434159666.00,1477864077,2147483647,0.248111,0.187948,0.0622726,0.197341,113,8.4813,423,6.08211,0.342875,5rs020416,4314902
2011,0,1270755349.00,1972619310.00,1412548870,2147483647,0.132907,0.147851,0.375453,0.204367,119,7.63989,443,4.7228,-2.32604,5rs020416,4314902
2012,0,1236841829.00,1625309536.00,1421643367,2147483647,-0.0266877,0.0907199,-0.176065,0.134781,129,7.47358,397,5.29874,1.39376,5rs020416,4314902
2013,0,1297204643.00,2544783509.00,1376170874,2147483647,0.048804,-0.0101703,0.565722,0.156749,123,8.46561,415,4.61479,-2.47022,5rs020416,4314902
2014,0,1172776398.00,2253593941.00,1273205233,2147483647,-0.0959203,0.0546786,-0.114426,0.107906,126,5.44339,431,4.01654,1.51593,5rs020416,4314902
2000,0,101503956.00,578369714.00,105556662,960928697,None,None,None,None,61,13.2483,18,4.61104,None,5rs020507,4322004
2001,0,103220029.00,417709867.00,168680185,853021847,0.0169065,None,-0.277781,None,63,14.8704,22,6.76487,None,5rs020507,4322004
2002,0,343157274.00,500474630.00,1391571947,1157475059,2.32452,None,0.198139,None,81,15.7565,22,7.82889,1.73449,5rs020507,4322004
2003,0,525352753.00,741472396.00,1818425218,1689572843,0.530939,None,0.481538,None,85,18.8451,19,8.28563,1.2936,5rs020507,4322004
2004,0,745788913.00,785881712.00,1972193899,1221446903,0.419596,None,0.0598934,None,83,16.7049,18,7.29569,1.86596,5rs020507,4322004
2005,0,1072088165.00,1083795578.00,2147483647,1195224888,0.437522,0.602321,0.379082,0.133831,82,12.9724,23,6.01922,1.86614,5rs020507,4322004
2006,0,1222944402.00,1173867651.00,2080669675,1061501767,0.140713,0.639565,0.083108,0.229558,88,14.7351,20,5.22098,2.09685,5rs020507,4322004
2007,0,1452319997.00,1402728806.00,2147483647,1204910664,0.18756,0.334485,0.194963,0.228905,82,14.0626,19,5.76486,1.39666,5rs020507,4322004
2008,0,1702405549.00,1478226029.00,1752708087,1102506110,0.172197,0.265093,0.0538217,0.147966,74,14.4352,26,6.84151,0.568647,5rs020507,4322004
2009,0,973966337.00,1223467407.00,1847580459,1314360727,-0.427888,0.0548376,-0.172341,0.0925644,67,15.4474,15,5.4555,1.01546,5rs020507,4322004
2010,0,1868452615.00,1506633706.00,2147483647,1183992887,0.918395,0.117507,0.231446,0.0681004,66,14.3492,17,5.3281,2.24072,5rs020507,4322004
2011,0,2058206993.00,1953730128.00,2104954924,1207129790,0.101557,0.109728,0.296752,0.107259,67,15.0854,16,5.59904,1.26653,5rs020507,4322004
2012,0,2016536394.00,1709104379.00,1952503692,1086888812,-0.0202461,0.0678463,-0.12521,0.0403009,68,15.6979,21,5.20529,1.38427,5rs020507,4322004
2013,0,2170560355.00,1961277952.00,2147483647,1406442416,0.0763805,0.0497884,0.147547,0.0581803,62,15.8436,21,5.69763,1.23136,5rs020507,4322004
2014,0,1727208726.00,1812521832.00,1729050567,1313350149,-0.204257,0.121399,-0.0758465,0.0817781,59,14.6041,23,5.66174,1.20177,5rs020507,4322004
2000,0,400401323.00,376281827.00,2147483647,2092701509,None,None,None,None,39,18.366,56,5.13015,None,5rs050101,4315602
2001,0,398650127.00,439424269.00,2147483647,2147483647,-0.0043736,None,0.167806,None,37,15.7843,52,4.47022,None,5rs050101,4315602
2002,0,335146060.00,467394294.00,2147483647,2147483647,-0.159298,None,0.0636515,None,46,17.4622,43,4.46273,-3.89245,5rs050101,4315602
2003,0,444042331.00,783389385.00,2147483647,2147483647,0.324922,None,0.676078,None,47,12.2708,37,4.40087,-3.58335,5rs050101,4315602
2004,0,500702829.00,903342241.00,2147483647,2147483647,0.127602,None,0.15312,None,53,16.5726,45,5.26886,-4.29806,5rs050101,4315602
2005,0,430544310.00,531260688.00,2147483647,2147483647,-0.14012,0.0146225,-0.411894,0.0714179,53,17.0988,46,4.33947,-3.21045,5rs050101,4315602
2006,0,723193068.00,1005497967.00,2147483647,2147483647,0.679718,0.126503,0.892664,0.180047,61,16.0788,37,4.87146,-3.25889,5rs050101,4315602
2007,0,1533220371.00,1544804321.00,2147483647,2147483647,1.12007,0.355421,0.536357,0.2701,52,18.2628,29,4.95792,-2.47428,5rs050101,4315602
2008,0,2697250424.00,2775011800.00,2147483647,2147483647,0.759206,0.434496,0.796352,0.287827,65,14.8518,41,6.27656,-6.06692,5rs050101,4315602
2009,0,1326527306.00,1601741084.00,2147483647,2147483647,-0.508193,0.215143,-0.422798,0.121368,75,13.0989,40,5.40031,-3.43476,5rs050101,4315602
2010,0,2083437794.00,1690234123.00,2147483647,2147483647,0.570596,0.370732,0.055248,0.260456,76,16.5556,55,6.27931,-3.00863,5rs050101,4315602
2011,0,2377324949.00,2529139144.00,2147483647,2147483647,0.141059,0.268723,0.496325,0.202592,82,19.7274,47,6.43877,-1.9832,5rs050101,4315602
2012,0,2278017683.00,2391494792.00,2147483647,2147483647,-0.0417727,0.0824068,-0.0544234,0.0913378,85,17.1712,51,8.75703,-2.35471,5rs050101,4315602
2013,0,2503540955.00,7435265228.00,2147483647,2147483647,0.0989998,-0.0147948,2.10905,0.217885,89,7.65396,60,3.83144,-2.46477,5rs050101,4315602
2014,0,1765964531.00,2914366833.00,2147483647,2147483647,-0.294613,0.0588956,-0.608035,0.127172,85,14.3222,75,4.99546,-1.90524,5rs050101,4315602
2000,0,75264800.00,10126398.00,12877926,8359404,None,None,None,None,22,6.78552,49,4.88813,None,5sc000002,4205407
2001,0,54793394.00,18206694.00,11063335,11617331,-0.271992,None,0.797944,None,34,8.82517,69,6.29621,None,5sc000002,4205407
2002,0,20824305.00,19998669.00,5219881,14668129,-0.619949,None,0.098424,None,53,9.81475,86,5.94254,-0.580827,5sc000002,4205407
2003,0,19671777.00,19932406.00,4041371,15221059,-0.0553453,None,-0.00331337,None,62,13.511,96,7.06077,-0.63295,5sc000002,4205407
2004,0,65097536.00,23618948.00,28155982,16846517,2.30918,None,0.184952,None,74,20.4614,144,10.6656,0.368636,5sc000002,4205407
2005,0,123556510.00,27269372.00,64851262,20853537,0.898021,0.104218,0.154555,0.219113,78,22.5271,240,11.595,-0.431207,5sc000002,4205407
2006,0,271473586.00,35458854.00,125784426,20488932,1.19716,0.377209,0.300318,0.142612,71,20.4476,289,11.6011,-0.0863785,5sc000002,4205407
2007,0,381236112.00,59221955.00,165430639,35483555,0.404321,0.788647,0.67016,0.2425,88,26.0787,297,11.3882,0.258302,5sc000002,4205407
2008,0,528002206.00,70117223.00,181422021,38270003,0.384974,0.930894,0.183973,0.286036,77,23.339,251,7.57166,0.0964867,5sc000002,4205407
2009,0,453675132.00,18529876.00,215294582,9294968,-0.14077,0.47447,-0.73573,-0.0473741,63,19.3488,246,28.8479,-1.77378,5sc000002,4205407
2010,0,920388394.00,37328998.00,457186950,15775542,1.02874,0.494243,1.01453,0.0648152,56,16.1903,216,8.67755,0.416478,5sc000002,4205407
2011,0,920301492.00,37369872.00,400197923,14727771,-9.44188e-05,0.276558,0.00109497,0.0105537,50,16.9725,240,17.0443,0.506869,5sc000002,4205407
2012,0,839070921.00,27571433.00,340193951,7059311,-0.0882652,0.170903,-0.262202,-0.141787,50,13.9034,228,12.7857,0.541481,5sc000002,4205407
2013,0,570960276.00,21888259.00,319403640,13884233,-0.319533,0.0157668,-0.206125,-0.207723,48,12.3099,141,8.69896,0.264517,5sc000002,4205407
2014,0,566001899.00,19432808.00,287661680,17934447,-0.00868428,0.0452365,-0.112181,0.0095611,55,16.9788,135,10.7833,0.198265,5sc000002,4205407
2000,0,47382560.00,213632328.00,102631258,217128635,None,None,None,None,68,17.8954,76,3.81226,None,5sc050105,4208203
2001,0,78035627.00,470360046.00,120524596,446906783,0.646927,None,1.20173,None,82,14.7679,87,3.36891,None,5sc050105,4208203
2002,0,209182732.00,762010550.00,277499445,1118729680,1.68061,None,0.620058,None,95,11.7845,136,3.73829,0.803627,5sc050105,4208203
2003,0,211235657.00,1177394705.00,299121157,1299031799,0.00981403,None,0.545116,None,126,19.3281,131,3.76794,-0.532474,5sc050105,4208203
2004,0,454532475.00,1422155583.00,363266107,1201161340,1.15178,None,0.207883,None,135,21.3779,319,2.76835,-1.05646,5sc050105,4208203
2005,0,784233056.00,2085648791.00,459631685,1867226735,0.725362,0.752933,0.466541,0.577302,140,23.7567,166,3.95871,-0.0946981,5sc050105,4208203
2006,0,1136056662.00,1887740363.00,777235478,1459107736,0.448621,0.708525,-0.0948906,0.32039,136,24.5125,154,4.54128,-0.243693,5sc050105,4208203
2007,0,1794072129.00,2558084157.00,1041673313,1509878144,0.57921,0.536961,0.355104,0.274063,144,24.9836,400,4.63565,0.0316759,5sc050105,4208203
2008,0,3377570079.00,3004899749.00,1745755542,1424543718,0.882628,0.740874,0.174668,0.206095,157,24.6266,321,5.20728,0.173631,5sc050105,4208203
2009,0,3155160846.00,2625954368.00,1943988741,1459422818,-0.0658489,0.4733,-0.126109,0.130493,150,22.5044,364,4.57174,-2.75673,5sc050105,4208203
2010,0,5260285822.00,2963955487.00,2147483647,1442665389,0.667201,0.463231,0.128716,0.0728181,141,25.159,299,4.80478,-2.35727,5sc050105,4208203
2011,0,6798952170.00,3465582056.00,2147483647,1445330024,0.292506,0.430238,0.169242,0.129189,143,25.8028,295,4.62843,-2.2079,5sc050105,4208203
2012,0,6190964477.00,3900549723.00,2147483647,1740694982,-0.0894237,0.281102,0.125511,0.0880333,149,27.6869,331,4.13104,-3.00379,5sc050105,4208203
2013,0,6218430833.00,4351353195.00,2147483647,2038340511,0.00443652,0.129836,0.115574,0.0768591,146,26.2316,286,4.30172,-5.61194,5sc050105,4208203
2014,0,6673959698.00,3915103886.00,2147483647,1847998500,0.0732546,0.161642,-0.100256,0.0831565,150,24.9564,272,4.81985,-2.37017,5sc050105,4208203
